-- phpMyAdmin SQL Dump
-- version 4.8.5
-- https://www.phpmyadmin.net/
--
-- Host: localhost:3306
-- Generation Time: Jul 01, 2019 at 07:44 AM
-- Server version: 10.3.14-MariaDB
-- PHP Version: 7.3.2

SET SQL_MODE = "NO_AUTO_VALUE_ON_ZERO";
SET AUTOCOMMIT = 0;
START TRANSACTION;
SET time_zone = "+00:00";


/*!40101 SET @OLD_CHARACTER_SET_CLIENT=@@CHARACTER_SET_CLIENT */;
/*!40101 SET @OLD_CHARACTER_SET_RESULTS=@@CHARACTER_SET_RESULTS */;
/*!40101 SET @OLD_COLLATION_CONNECTION=@@COLLATION_CONNECTION */;
/*!40101 SET NAMES utf8mb4 */;

--
-- Database: `id9282579_quanlybanhang`
--

-- --------------------------------------------------------

--
-- Table structure for table `account`
--

CREATE TABLE `account` (
  `user_id` int(11) NOT NULL,
  `user_name` varchar(50) COLLATE utf8_unicode_ci NOT NULL,
  `password` varchar(50) COLLATE utf8_unicode_ci NOT NULL,
  `email` varchar(100) COLLATE utf8_unicode_ci NOT NULL
) ENGINE=InnoDB DEFAULT CHARSET=utf8 COLLATE=utf8_unicode_ci;

--
-- Dumping data for table `account`
--

INSERT INTO `account` (`user_id`, `user_name`, `password`, `email`) VALUES
(1, 'admin', '123456', 'admin@gmail.com'),
(2, 'Whis', '123456', 'minhtung263@gmail.com'),
(3, 'Huyen', '123', 'Lyhuyen323@gmail.com'),
(4, 'a', '123', 'abc@gamil.com'),
(5, 'ab', '123', 'abc@gamil.com'),
(6, 'abc', '123', 'abc@gmail.com');

-- --------------------------------------------------------

--
-- Table structure for table `chitietdonhang`
--

CREATE TABLE `chitietdonhang` (
  `id` int(11) NOT NULL,
  `idDonHang` int(11) NOT NULL,
  `user_id` int(11) NOT NULL,
  `idSP` int(11) NOT NULL,
  `TenSP` varchar(255) COLLATE utf8_unicode_ci NOT NULL,
  `HinhSP` varchar(255) COLLATE utf8_unicode_ci NOT NULL,
  `GiaSP` int(11) NOT NULL,
  `SoLuong` int(11) NOT NULL
) ENGINE=InnoDB DEFAULT CHARSET=utf8 COLLATE=utf8_unicode_ci;

--
-- Dumping data for table `chitietdonhang`
--

INSERT INTO `chitietdonhang` (`id`, `idDonHang`, `user_id`, `idSP`, `TenSP`, `HinhSP`, `GiaSP`, `SoLuong`) VALUES
(39, 9, 2, 52, 'MÁY ẢNH CANON EOS 77D', 'https://admin.binhminhdigital.com//StoreData/Product/10281/May-Anh-Canon-EOS-77D-Body-jpg.jpg', 16400000, 1),
(40, 10, 2, 7, 'Oppo F11 Pro', 'https://cdn.tgdd.vn/Products/Images/42/198791/oppo-f11-pro-2nambh-400x460.png', 8490000, 1);

-- --------------------------------------------------------

--
-- Table structure for table `danhmuc`
--

CREATE TABLE `danhmuc` (
  `idDM` int(11) NOT NULL,
  `TenDM` varchar(50) COLLATE utf8_unicode_ci NOT NULL,
  `HinhDM` varchar(255) COLLATE utf8_unicode_ci NOT NULL
) ENGINE=InnoDB DEFAULT CHARSET=utf8 COLLATE=utf8_unicode_ci;

--
-- Dumping data for table `danhmuc`
--

INSERT INTO `danhmuc` (`idDM`, `TenDM`, `HinhDM`) VALUES
(1, 'Điện thoại', 'https://luongtung263.000webhostapp.com/Muasamonline/HinhAnh/dienthoai.jpg'),
(2, 'Máy tính', 'https://luongtung263.000webhostapp.com/Muasamonline/HinhAnh/laptop.jpg'),
(3, 'Quần áo', 'https://canifa.s3.amazonaws.com/media/catalog/product/cache_generated/500x/8tp18s010-sa078-m_-_copy.jpg'),
(4, 'Giày', 'https://luongtung263.000webhostapp.com/Muasamonline/HinhAnh/giaydep.jpg'),
(5, 'Túi sách', 'https://luongtung263.000webhostapp.com/Muasamonline/HinhAnh/balo.jpg'),
(6, 'Máy ảnh', 'https://admin.binhminhdigital.com//StoreData/images/Product/Canon-3000d(1).jpg'),
(7, 'Đồng hồ', 'https://luongtung263.000webhostapp.com/Muasamonline/HinhAnh/dongho.png'),
(8, 'Mũ', 'https://luongtung263.000webhostapp.com/Muasamonline/HinhAnh/mu.jpg'),
(9, 'Vali', 'https://houseofluggage.vn/Data/Sites/1/Product/2884/thumbs/vali-keo-motivo-dj343005-00.jpg'),
(10, 'Ví', 'https://houseofluggage.vn/Data/Sites/1/Product/3277/thumbs/vi-altius-edge-fermat-602003-01.jpg');

-- --------------------------------------------------------

--
-- Table structure for table `donhang`
--

CREATE TABLE `donhang` (
  `id` int(11) NOT NULL,
  `user_id` int(11) NOT NULL,
  `TenKhachHang` varchar(255) COLLATE utf8_unicode_ci NOT NULL,
  `SDT` int(11) NOT NULL,
  `Email` varchar(255) COLLATE utf8_unicode_ci NOT NULL,
  `DiaChi` varchar(255) COLLATE utf8_unicode_ci NOT NULL
) ENGINE=InnoDB DEFAULT CHARSET=utf8 COLLATE=utf8_unicode_ci;

--
-- Dumping data for table `donhang`
--

INSERT INTO `donhang` (`id`, `user_id`, `TenKhachHang`, `SDT`, `Email`, `DiaChi`) VALUES
(9, 1, 'admin', 123456789, 'admin@gmail.com', 'HN'),
(10, 1, 'admin', 4324, 'admin@gmail.com', 't'),
(11, 1, 'admin', 454, 'admin@gmail.com', 'ghgg');

-- --------------------------------------------------------

--
-- Table structure for table `loaisanpham`
--

CREATE TABLE `loaisanpham` (
  `idLoaiSP` int(11) NOT NULL,
  `TenLoaiSP` varchar(50) COLLATE utf8_unicode_ci NOT NULL,
  `HinhLoaiSP` varchar(255) COLLATE utf8_unicode_ci NOT NULL
) ENGINE=InnoDB DEFAULT CHARSET=utf8 COLLATE=utf8_unicode_ci;

--
-- Dumping data for table `loaisanpham`
--

INSERT INTO `loaisanpham` (`idLoaiSP`, `TenLoaiSP`, `HinhLoaiSP`) VALUES
(1, 'Apple', 'https://cdn.tgdd.vn/Products/Images/42/191482/iphone-xs-max-512gb-gold-400x460.png'),
(2, 'SamSung', 'https://cdn.tgdd.vn/Products/Images/42/198986/samsung-galaxy-s10-plus-512gb-ceramic-black-400x460.png'),
(3, 'Xiaomi', 'https://cdn.tgdd.vn/Products/Images/42/167539/xiaomi-mi-8-black-400x460.png'),
(4, 'Oppo', 'https://cdn.tgdd.vn/Products/Images/42/186395/oppo-r17-pro-2-400x460.png'),
(5, 'Huawei', 'https://cdn.tgdd.vn/Products/Images/42/197228/huawei-p30-pro-1-400x460.png'),
(6, 'Nokia', 'https://cdn.tgdd.vn/Products/Images/42/194917/nokia-81-silver-18thangbh-400x460.png');

-- --------------------------------------------------------

--
-- Table structure for table `quangcao`
--

CREATE TABLE `quangcao` (
  `idQuangCao` int(11) NOT NULL,
  `TenQuangCao` varchar(255) COLLATE utf8_unicode_ci NOT NULL,
  `HinhQuangCao` varchar(255) COLLATE utf8_unicode_ci NOT NULL,
  `idSP` int(11) NOT NULL
) ENGINE=InnoDB DEFAULT CHARSET=utf8 COLLATE=utf8_unicode_ci;

--
-- Dumping data for table `quangcao`
--

INSERT INTO `quangcao` (`idQuangCao`, `TenQuangCao`, `HinhQuangCao`, `idSP`) VALUES
(1, 'Huawei P30 Series,HotSale duy nhất 19/5', 'https://cdn.tgdd.vn/2019/05/banner/800-300-800x300-(5).png', 4),
(2, 'Galaxy A50 Trả Góp 0%, Tặng Pin Sạc 10.000mAh', 'https://cdn.tgdd.vn/2019/05/banner/800-300-800x300-(2).png', 5),
(3, 'Xiaomi Redmi 7 32GB, Giá Chỉ 3.690.000đ', 'https://cdn.tgdd.vn/2019/05/banner/mi7-800-300-800x300.png', 6),
(4, 'F11 Pro Xám Tinh Vân, Độc Quyền Quà Ngon', 'https://cdn.tgdd.vn/2019/05/banner/Oppo-f11-800-300-800x300.png', 7);

-- --------------------------------------------------------

--
-- Table structure for table `sanpham`
--

CREATE TABLE `sanpham` (
  `idSP` int(11) NOT NULL,
  `TenSP` varchar(255) COLLATE utf8_unicode_ci NOT NULL,
  `GiaSP` int(11) NOT NULL,
  `HinhSP` varchar(255) COLLATE utf8_unicode_ci NOT NULL,
  `MoTa` longtext COLLATE utf8_unicode_ci NOT NULL,
  `idLoaiSP` int(11) DEFAULT NULL,
  `idDM` int(11) DEFAULT NULL
) ENGINE=InnoDB DEFAULT CHARSET=utf8 COLLATE=utf8_unicode_ci;

--
-- Dumping data for table `sanpham`
--

INSERT INTO `sanpham` (`idSP`, `TenSP`, `GiaSP`, `HinhSP`, `MoTa`, `idLoaiSP`, `idDM`) VALUES
(1, 'iPhone Xs Max', 39990000, 'https://cdn.tgdd.vn/Products/Images/42/191482/iphone-xs-max-512gb-gold-400x460.png', 'Là chiếc smartphone cao cấp nhất của Apple với mức giá khủng chưa từng có, bộ nhớ trong lên tới 512GB, iPhone XS Max 512GB - sở hữu cái tên khác biệt so với các thế hệ trước, trang bị tới 6.5 inch đầu tiên của hãng cùng các thiết kế cao cấp hiện đại từ chip A12 cho tới camera AI.\r\n\r\nMàn hình OLED chất lượng cao rộng 6.5 inch đầu tiên của Apple\r\nVới công nghệ Super Retina kết hợp tấm nền OLED trên iPhone XS Max đem lại dải màu sắc cực kì sống động và sắc nét đến từng chi tiết.\r\n\r\nBên cạnh đó, Apple còn tích hợp thêm công nghệ HDR10 cùng tần số cảm ứng 120 Hz giúp chất lượng hình ảnh được nâng cao và mượt mà hơn đáng kể.\r\n\r\nViệc sở hữu màn hình lớn đem đến cho bạn khá nhiều tiện ích như dễ dàng chỉnh sửa ảnh, xem phim, lướt web nhưng sẽ khó khăn hơn trong việc di chuyển.\r\n\r\nCamera kép tích hợp trí tuệ nhân tạo\r\nDù không sở hữu thông số camera khủng nhưng iPhone XS Max luôn cho thấy sự đẳng cấp của mình về khả năng nhiếp ảnh với cụm camera kép có cảm biến chính 12 MP và cảm biến phụ tele 12 MP.\r\n\r\nMáy được trang bị hệ thống xử lý hình ảnh chất lượng cân bằng sáng, giảm nhiễu, tăng cường độ phơi sáng, màu da sao cho phù hợp và tự nhiên nhất.\r\n\r\nCùng với đó là khả năng điều chỉnh khẩu độ ấn tượng từ f/1.4 đến f/16 ngay trên bức ảnh sau khi chụp ảnh với chế độ chân dung.\r\n\r\nCamera sau điện thoại iPhone Xs Max chính hãng\r\n\r\nChưa dừng lại ở đó, máy còn được tích hợp thêm công nghệ Smart HDR giúp tái tạo hình ảnh và cho ra một bức hình với độ sáng tốt nhất.\r\n\r\nNgoài ra, iPhone XS Max còn được hỗ trợ bởi trí thông minh nhân tạo đem đến khả năng tự động điều chỉnh màu sắc, độ sáng và độ tương phản sao cho phù hợp với từng vật thể khác nhau.\r\nHiệu năng mạnh mẽ tột đỉnh với chip Apple A12 Bionic\r\niPhone XS Max được Apple trang bị cho con chip mới toanh hàng đầu của hãng mang tên Apple A12 Bionic.\r\n\r\nChip A12 Bionic được xây dựng trên tiến trình 7nm đầu tiên mà hãng sản xuất với 6 nhân đáp ứng vượt trội trong việc xử lý các tác vụ và khả năng tiết kiệm năng lượng tối ưu.\r\n\r\nHơn nữa, chiếc điện thoại iPhone còn có bộ xử lý đồ họa mạnh mẽ được Apple thiết kế riêng giúp hiệu năng được cải thiện rất lớn về mặt đồ họa của máy.\r\n\r\nTrải nghiệm điện thoại iPhone Xs Max chính hãng\r\n\r\nChưa dừng lại ở đó, máy còn được tích hợp trí thông minh nhân tạo giúp phần cứng tối ưu hiệu suất, nhờ đó mà các thao tác của bạn được xử lý một cách nhanh chóng hơn.\r\n\r\nThiết kế viền thép không gỉ và mặt kính cường lực cao cấp, chắc chắn\r\n Điện thoại iPhone XS Max sở hữu lối thiết kế vô cùng đẹp mắt với những đường cong mềm mại được thừa hưởng từ chiếc iPhone đời trước đó.\r\n\r\nThiết kế điện thoại iPhone Xs Max chính hãng\r\nTuy nhiên, iPhone XS Max lại có một thân hình to bản ngang bằng với kích thước dòng Plus nhưng chứa đựng một màn hình rộng lớn lên đến 6.5 inch.\r\n\r\nThiết kế điện thoại iPhone Xs Max chính hãng\r\n\r\nNhờ thế mà bạn sẽ có một không gian trải nghiệm vô cùng rộng rãi để thưởng thức những bộ phim chất lượng cao được trở nên trọn vẹn.\r\n\r\nMột số tính năng cao cấp được cập nhật và bổ sung\r\nFace ID đã được Apple cải tiến về khả năng bảo mật cũng như cho tốc độ mở khóa được nhanh hơn nhờ các thuật toán mới.\r\n\r\nBảo mật trên điện thoại iPhone Xs Max chính hãng\r\n\r\nBên cạnh đó, tính năng Animoji cũng được cập nhật thêm một số biểu tượng mới trông khá ngộ nghĩnh và đáng yêu.\r\n\r\nAnimoji trên điện thoại iPhone Xs Max chính hãng\r\n\r\nVới hệ thống camera TrueDepth nay bạn có thể tự tạo cho bản thân những bức ảnh ấn tượng với công nghệ thực tế ảo tăng cường AR.\r\n\r\nNgoài ra, hệ thống âm thanh 2 chiều trên siêu phẩm mới được Apple tinh chỉnh lại cho dải âm rộng, âm thanh sống động hơn hay khả năng kháng nước và bụi cũng được nâng cấp lên thành IP 68 đảm bảo an toàn hơn cho máy.\r\n\r\n', 1, 1),
(2, 'Samsung Galaxy S10+', 25990000, 'https://cdn.tgdd.vn/Products/Images/42/198986/samsung-galaxy-s10-plus-512gb-ceramic-black-400x460.png', 'Đặc điểm nổi bật của Samsung Galaxy S10+ (512GB)\r\n\r\nSamsung Galaxy S10+ (512GB) - phiên bản kỷ niệm 10 năm chiếc Galaxy S đầu tiên ra mắt, là một chiếc smartphone hội tủ đủ các yếu tố mà bạn cần ở một chiếc máy cao cấp trong năm 2019.\r\nKhác biệt tới từ màn hình Infinity-O\r\nSamsung Galaxy S10+ (512GB) đi theo kiểu thiết kế màn hình Infinity-O với phần camera được đặt phía trong màn hình rất độc đáo.\r\n\r\nMàn hình điện thoại Samsung Galaxy S10+ 512GB chính hãng\r\n\r\nKiểu thiết kế mới này mang lại phần viền màn hình mỏng ở tất cả các cạnh, từ đó khiến tổng thể máy không quá lớn so với kích thước màn hình.\r\n\r\nMặt trước điện thoại Samsung Galaxy S10+ 512GB chính hãng\r\n\r\nMàn hình của máy có kích thước 6.4 inch cùng độ phân giải khủng 2K+ cho bạn thưởng thức những bộ phim hay xem những hình ảnh sắc nét.\r\n\r\nCông nghệ HDR10+ tiên tiến nhất hiện nay cho bạn một trải nghiệm hình ảnh thực sự khác biệt so với phần còn lại của thế giới smartphone.\r\n\r\nCamera được nâng lên tầm cao mới\r\nNhững chiếc Galaxy S tới từ Samsung luôn được người dùng đánh giá cao về camera và với Samsung Galaxy S10+ (512GB) cũng không phải là một ngoại lệ.\r\n\r\nGiao diện camera điện thoại Samsung Galaxy S10+ 512GB chính hãng\r\n\r\nMáy sở hữu 3 camera với các thông số lần lượt là: ống kính chính góc rộng (77 độ) 12 MP (khẩu độ f/1.5), ống kính phụ tele 12 MP (khẩu độ f/2.4) và ống kính phụ góc siêu rộng (123 độ, f/2.2) 16 MP.\r\n\r\nẢnh chụp từ camera của điện thoại Samsung Galaxy S10+ (512GB) chính hãng\r\n\r\nTrang công nghệ DxOMark - trang chuyên đánh giá về camera cũng đã đưa ra nhận xét về Galaxy S10+ là một trong những chiếc máy có camera tốt nhất trên thị trường nhờ khả năng chụp siêu rộng cũng như hình ảnh sắc nét, màu sắc rực rỡ.\r\n\r\nCamera trước selfie của điện thoại Samsung Galaxy S10+ (512GB) chính hãng\r\n\r\nCamera trước của máy cũng là cụm camera kép với chiếc ống kính chính 10 MP và ống kính phụ 8 MP hỗ trợ chụp ảnh chân dung và quay phim với độ phân giải 4K.\r\n\r\nSở hữu con chip mạnh mẽ nhất năm 2019\r\nCon chip Exynos 9820 kết hợp với 8 GB RAM đủ sức cho bạn có thể sử dụng tất cả game và ứng dụng nặng nhất hiện nay một cách mượt mà, bất kể là Liên Quân Mobile, Free Fire hay PUBG.\r\n\r\nAndroid trên điện thoại Samsung Galaxy S10+ 512GB chính hãng\r\n\r\nBên cạnh đó thì với 512 GB bộ nhớ trong thì bạn sẽ có một không gian \"cực kỳ thoải mái\" để tải ứng dụng hay lưu trữ dữ liệu cá nhân.\r\n\r\nChơi game trên điện thoại Samsung Galaxy S10+ 512GB chính hãng\r\n\r\nSamsung Galaxy S10+ cũng được tối ưu về giao diện OneUI mới hứa hẹn sẽ giúp máy có được khả năng hoạt động lâu dài hơn các phiên bản tiền nhiệm trước đây.\r\n\r\nNhiều tính năng cao cấp khác\r\nTrên Samsung Galaxy S10+ còn có một tính năng mới được rất nhiều người yêu thích đó chính là khả năng sạc ngược không dây cho smartphone khác (PowerShare).\r\n\r\nTính năng PowerShare trên Galaxy S10+\r\n\r\nĐiều này có thể giúp bạn biến chiếc smartphone của mình thành một cục sạc không dây di động trong những trường hợp khẩn cấp.\r\n\r\nXem thêm: Tính năng PowerShare trên Galaxy S10 là gì? Làm sao để sử dụng nó?\r\n\r\nĐánh giá điện thoại Samsung Galaxy S10+ 512GB chính hãng\r\n\r\nNgoài ra tiêu chuẩn kháng nước và bụi bẩn IP68 cao cấp nhất hiện nay vẫn xuất hiện trên máy đảm bảo bạn có thể sử dụng dưới các điều kiện khắc nghiệt mà máy không gặp vấn đề gì.\r\n\r\nVân tay trên điện thoại Samsung Galaxy S10+ 512GB chính hãng\r\n\r\nVân tay siêu âm hiện đại và tiên tiến cũng là 1 tính năng hấp dẫn trên S10+ giúp mở khoá máy nhanh chóng và đẳng cấp.\r\n\r\n', 2, 1),
(3, 'Samsung galaxy Note 9 128GB', 18990000, 'https://cdn.tgdd.vn/Products/Images/42/154897/samsung-galaxy-note-9-black-400x460-400x460.png', 'Đặc điểm nổi bật của Samsung Galaxy Note 9\r\n\r\nMang lại sự cải tiến đặc biệt trong cây bút S-Pen, siêu phẩm Samsung Galaxy Note 9 còn sở hữu dung lượng pin khủng lên tới 4.000 mAh cùng hiệu năng mạnh mẽ vượt bậc, xứng đáng là một trong những chiếc điện thoại cao cấp nhất của Samsung.\r\n\r\nMột chút thay đổi trong thiết kế\r\nChiếc điện thoại Samsung mới vẫn thừa hưởng lối thiết kế vô cùng quyến rũ từ đàn anh của mình với thân hình mạnh mẽ và được cách điệu bởi những đường cong mềm mại.\r\n\r\nThiết kế điện thoại Samsung Galaxy Note 9\r\n\r\nĐiểm thay đổi đáng chú ý phải kể đến mặt lưng khi mà cảm biến vân tay của máy đã được đặt dưới cụm camera kép với một vị trí thuận lợi để bạn có thể mở khóa máy một cách dễ dàng.\r\n\r\nCảm biến vân tay trên điện thoại Samsung Galaxy Note 9\r\n\r\nBên cạnh đó Samsung đã tối giản cạnh viền trên dưới để mang lại cho bạn một trải nghiệm tuyệt vời hơn nữa với một màn hình có kích thước khủng lên đến 6.4 inch.\r\n\r\nMàn hình điện thoại Samsung Galaxy Note 9\r\n\r\nNhìn chung với chỉ một chút thay đổi nhỏ trong thiết kế cũng đủ để giúp Galaxy Note 9 trở nên nổi bật và quyến rũ, cũng như khắc phục được những thiếu sót từ đàn anh Note 8.\r\n\r\nThiết kế điện thoại Samsung Galaxy Note 9\r\n\r\nHiệu năng luôn ở đỉnh cao\r\nLà một flagship cao cấp nên những gì mạnh mẽ nhất đều được hội tụ trên Galaxy Note 9 với con chip Snapdragon 845 hoặc Exynos 9810 tùy vào từng thị trường khác nhau.\r\n\r\nChơi game trên điện thoại Samsung Galaxy Note 9\r\n\r\nĐi kèm theo đó là bộ nhớ RAM lên đến 6 GB đã giúp Note 9 trở thành một trong những smartphone mạnh mẽ nhất hiện nay đủ để chiến mọi thể loại game nặng nhất.Chơi game trên điện thoại Samsung Galaxy Note 9\r\n\r\nMáy sở hữu phiên bản 128 GB và có cả một phiên bản cao cấp nhất, vô cùng mạnh mẽ khác đó chính là bộ nhớ trong lên tới 512 GB đi kèm với RAM 8 GB.\r\n\r\nGiao diện Android điện thoại Samsung Galaxy Note 9\r\n\r\nĐáng tiếc máy vẫn chỉ được sẵn Android 8.1 (Oreo) và hứa hẹn trong thời gian tới sẽ được cập nhật nhanh chóng lên phiên bản Android mới nhất với nhiều tính năng mới mẻ.\r\n\r\n\r\nBút S-Pen cải tiến đến vi diệu\r\nMột sự thay đổi khiến bạn phải thích thú có lẽ là chiếc bút S-Pen đi kèm theo máy với nhiều màu sắc nổi bật.\r\n\r\nBút S Pen trên điện thoại Samsung Galaxy Note 9\r\n\r\nChưa dừng ở đó, chiếc bút này còn được trang bị khả năng đặc biệt giúp điều khiển Note 9 dễ dàng thông qua Bluetooth.\r\n\r\nĐiều khiển bút S Pen trên điện thoại Samsung Galaxy Note 9\r\n\r\nCụ thể hơn, chỉ với một thao tác nhấn đơn giản là bạn có thể dễ dàng chụp ảnh selfie, trình chiếu bài thuyết trình, ngưng/phát video cùng nhiều công năng khác nữa.\r\n\r\nCamera thay đổi khẩu độ dễ dàng và tích hợp AI\r\nGalaxy Note 9 sở hữu bộ đôi camera kép có cùng độ phân giải 12 MP có khả năng thay đổi khẩu độ như Galaxy S9+ và được tích hợp thêm công nghệ AI giúp chất lượng ảnh chụp đẹp hơn đáng kể.\r\n\r\nBút S Pen trên điện thoại Samsung Galaxy Note 9\r\n\r\nTheo như những gì mà Samsung giới thiệu thì AI trên Note 9 có khả năng phân loại nhiều đối tượng, tự động điều chỉnh màu sắc, độ tương phản và độ sáng trong bối cảnh chụp ảnh khác nhau.\r\n\r\nCamera điện thoại Samsung Galaxy Note 9\r\n\r\nChất lượng ảnh chụp của máy vô cùng ấn tượng với các chi tiết được thể hiện rõ ràng, màu sắc cân đối và độ tương phản cao.\r\n\r\nGiao diện camera điện thoại Samsung Galaxy Note 9\r\n\r\nCũng như trên Galaxy S9+ thì Note 9 cũng được trang bị khả năng quay phim Super Slow Motion giúp bạn ghi lại những khoảnh khắc đáng nhớ trong cuộc sống.\r\n\r\nQuay phim Super Slow Motion trên Samsung Galaxy Note 9\r\n\r\n❝Đã mua và cảm thấy rất hài lòng về máy. Cấu hình ngon cộng thêm camera rất đẹp. Pin xài tương đối ổn, cảm biến vân tay nhạy. Nói chung là siêu phẩm nên không có gì phải phàn nàn.❞\r\n\r\nChị Loan - Mua online trên website - 1 tuần trước\r\nĐã mua tại Thế giới di động\r\nDung lượng pin được cải tiến\r\nSau những gì mà người dùng mong mỏi thì nay Note 9 đã có một viên pin to hơn, mạnh mẽ và bền bỉ hơn với dung lượng lên đến 4000 mAh.\r\n\r\nĐánh giá điện thoại Samsung Galaxy Note 9\r\n\r\nTuy không thuộc dạng khủng nhất nhưng từng đó cũng đủ để bạn có thể hài lòng với các trải nghiệm hằng ngày một cách trọn vẹn.\r\n\r\nHơi thất vọng nhẹ khi máy vẫn chỉ được trang bị công nghệ sạc nhanh Quick Charge 2.0 nên thời gian sạc vẫn chưa được tối ưu nhất.\r\n\r\nCổng sạc trên điện thoại Samsung Galaxy Note 9\r\n\r\nHỗ trợ nhiều tính năng đặc biệt khác\r\nTính năng Samsung DeX vẫn được hỗ trợ trên Note 9 nhưng đã được Samsung cải tiến thông qua một sợi cáp nhỏ gọn mang tên DeX HDMI.\r\n\r\nNhờ đó mà việc kết nối điện thoại với một màn hình bất kỳ đem đến một trải nghiệm như máy tính trở nên thuận tiện hơn bao giờ hết.\r\n\r\nSamsung Galaxy Note 9\r\n\r\nNgoài ra, những tính năng như: mở khóa bằng mống mắt, bảo mật khuôn mặt, Samsung Pay hay khả năng chống nước IP68 vẫn được giữ lại trên Galaxy Note 9.\r\n\r\n', 2, 1),
(4, 'Huawei P30 Pro', 22990000, 'https://cdn.tgdd.vn/Products/Images/42/197228/huawei-p30-pro-1-600x600.jpg', 'Đặc điểm nổi bật của Huawei P30 Pro\r\n\r\nBộ sản phẩm chuẩn: Hộp, Sạc, Tai nghe, Sách hướng dẫn, Cáp, Cây lấy sim, Ốp lưng\r\n\r\nHuawei P30 Pro là một bước đột phá của Huawei cũng như camera trên smartphone khi đem lại khả năng zoom như một \"kính viễn vọng\".\r\nĐịnh nghĩa lại camera phone\r\nCamera là điểm nhấn trên Huawei P30 Pro với camera chính SuperSpectrum độ phân giải 40 MP.\r\n\r\nCamera sau của điện thoại Huawei P30 Pro chính hãng\r\n\r\nCảm biến SuperSpectrum sử dụng cấu trúc RYYB (Red Yellow Yellow Black), trái ngược với RGB (Red Green Black), thay thế các pixel màu xanh lá cây bằng màu vàng, theo Huawei cho phép cảm biến cho ánh sáng nhiều hơn.\r\n\r\nCamera sau của điện thoại Huawei P30 Pro chính hãng\r\n\r\nCụm 3 camera còn lại bao gồm một ống kính góc siêu rộng 20 MP, tiêu cự 17mm, camera tele 8 MP tiêu cự 125mm (zoom 5X, khẩu độ f/3.4 và cuối cùng là camera ToF.\r\n\r\nCamera sau của điện thoại Huawei P30 Pro chính hãng\r\n\r\nCảm biến ToF sẽ thu thập thông tin chiều sâu bằng cách chiếu ánh sáng hồng ngoại vào đối tượng và phản xạ lại camera để đo khoảng cách. Công nghệ này sẽ cho phép chế độ chụp chân dung có hiệu ứng bo-keh chuyên nghiệp hơn giúp phông nền có độ mờ hợp lý.\r\n\r\nCamera sau của điện thoại Huawei P30 Pro chính hãng\r\n\r\nHuawei đã tính tế khi dùng thấu kính kết hợp gương nằm nghiêng thay vì xếp chồng như cách truyền thống. Thay đổi này cho phép P30 Pro zoom quang hybrid 10x mà không làm thay đổi chất lượng hình ảnh.\r\n\r\nKhả năng zoom 5X của điện thoại Huawei P30 Pro chính hãng\r\n\r\nChưa dừng lại ở đó, máy còn cho phép người dùng zoom tới 50X giúp bạn có thể nhìn rõ những hình ảnh ở xa mà mắt thường không thể nào quan sát được.\r\n\r\nKhả năng zoom 10X của điện thoại Huawei P30 Pro chính hãng\r\n\r\nNgoài ra Huawei P30 Pro còn là chiếc smartphone có độ nhạy sáng lớn nhất thế giới lên tới 409.600, kết hợp với khẩu độ rộng hơn sẽ cho phép camera có thể thu thập thêm nhiều thông tin ánh sáng để chất lượng hình ảnh được cải thiện.\r\n\r\nCamera sau của điện thoại Huawei P30 Pro chính hãng\r\n\r\nTính năng Dual-View cho phép người dùng cùng lúc quay phim bằng hai camera sau với hai tiêu cự khác nhau (góc cận và siêu rộng).\r\n\r\nHiệu năng hàng đầu thế giới smartphone\r\nCung cấp sức mạnh cho máy là bộ xử lý Hisilicon Kirin 980 8 nhân 64-bit kết hợp với 8 GB RAM và 256 GB bộ nhớ trong đem lại cho bạn hiệu năng vượt trội.\r\n\r\nCấu hình của điện thoại Huawei P30 Pro chính hãng\r\n\r\nHiện tại, đây là con chip mạnh mẽ nhât hiện nay của Huawei cho nên bạn có thể tự tin sử dụng tất cả các game và ứng dụng nặng nhất hiện nay mà máy vẫn hoạt động một cách mượt mà.\r\n\r\nCấu hình của điện thoại Huawei P30 Pro chính hãng\r\n\r\nHuawei P30 Pro chạy trên phiên bản EMUI 9.1 mới nhất tới từ Huawei với những cải tiến mới như điều hướng cử chỉ hay các tính năng kỹ thuật số.\r\n\r\nMáy còn hỗ trợ vài tính năng mới thú vị như OneHop, cho phép quay lại màn hình PC bằng điện thoại hay đồng bộ hóa tập tin.\r\n\r\nNhững trang bị cao cấp chỉ có trên P30 Pro\r\nTrên Huawei P30 Pro thì bạn sẽ không còn thấy sự xuất hiện của loa thoại và Huawei đã sử dụng công nghệ truyền âm thanh qua màn hình rất độc đáo.\r\n\r\nBên cạnh đó vẫn là cảm biến được đặt ngay bên dưới màn hình nên bạn sẽ không phải hi sinh bất cứ bộ phận nào trên thiết kế để sử dụng tính năng này.\r\n\r\nCamera sau của điện thoại Huawei P30 Pro chính hãng\r\n\r\nTính năng nhận diện khuôn mặt vẫn xuất hiện và bạn có thể mở khóa máy chỉ trong tích tắc.\r\n\r\nNgoài ra máy cũng sẽ hỗ trợ chuẩn kháng nước và bụi bẩn IP68 cao cấp nhất hiện nay cho bạn thoải mái sử dụng trong những điều kiện khắc nghiệt của thời tiết.\r\n\r\nDung lượng pin khủng, sạc nhanh siêu ấn tượng\r\nHuawei P30 Pro trang bị viên pin 4200 mAh cùng với khả năng sạc siêu nhanh SuperCharge 40W.\r\n\r\nThời lượng pin của điện thoại Huawei P30 Pro chính hãng\r\n\r\nHuawei tuyên bố P30 Pro có thể sạc từ 0 lên 70% chỉ mất 30 phút và đây chính là một trong những chiếc smartphone sạc nhanh nhất trên thị trường hiện nay.\r\n\r\nCông nghệ sạc ngược không dây cho tai nghe, bàn chải hoặc điện thoại khác của P30 Pro mang đến sự tiện dụng và linh hoạt cho người dùng.\r\n\r\n', 5, 1),
(5, 'Galaxy A50', 7990000, 'https://cdn.tgdd.vn/Products/Images/42/200294/samsung-galaxy-a50-128gb-blue-400x460.png', 'Đặc điểm nổi bật của Samsung Galaxy A50 128GB\r\n\r\nSamsung Galaxy A50 128GB là mẫu smartphone dòng A mới trong năm 2019 và đặc biệt máy sở hữu công nghệ cảm biến vân tay trong màn hình lần đầu tiên xuất hiện trên một chiếc máy tầm trung tới từ Samsung.\r\nThiết kế màn hình Infinity-U độc đáo\r\nSamsung Galaxy A50 là mẫu smartphone đầu tiên mà Samsung sử dụng màn hình Infinity-U với phần notch nhỏ gọn hình giọt nước.\r\n\r\nĐiện thoại Samsung Galaxy A50 128GB | Màn hình\r\n\r\nTrên chiếc smartphone Samsung mới này thì hãng sử dụng thiết kế gọi là \"3D Glasstic\" với bộ khung chắc chắn với các góc cạnh được bo cong nhẹ để mang lại cảm giác cầm nắm dễ chịu.\r\n\r\nĐiện thoại Samsung Galaxy A50 128GB | Trên tay\r\n\r\nBạn sẽ bị thu hút bởi mặt lưng của máy khi nó có thể thay đổi màu sắc với các góc nghiêng khác nhau cho cảm giác mới mẻ, ấn tượng hơn.\r\n\r\nĐiện thoại Samsung Galaxy A50 128GB | Thiết kế mặt lưng\r\n\r\nCông nghệ cảm biến vân tay tiên tiến\r\nSamsung mới chỉ sử dụng công nghệ cảm biến vân tay trong màn hình trên bộ đôi siêu phẩm Galaxy S10 và S10+ vừa ra mắt trước đó nhưng trên Galaxy A50 Samsung cũng đã ưu ái trang bị công nghệ này.\r\n\r\nĐiện thoại Samsung Galaxy A50 128GB | Bảo mật\r\n\r\nVới việc đặt cảm biến vân tay bên trong màn hình thì bạn sẽ không phải hi sinh một phần trên thiết kế của máy để đặt cảm biến vân tay qua đó cho bạn một chiếc máy liền mạch hơn.\r\n\r\nBên cạnh đó bạn cũng có thể mở khóa bằng khuôn mặt một cách nhanh chóng với Samsung Galaxy A50.\r\n\r\nMàn hình kích thước lớn thoải mái sử dụng\r\nSamsung Galaxy A50 128GB sở hữu màn hình có kích thước lên tới 6.4 inch, tương đương với màn hình của chiếc Samsung Galaxy Note 9 hay Galaxy S10+.\r\n\r\nĐiện thoại Samsung Galaxy A50 128GB | Trải nghiệm màn hình\r\n\r\nVới một màn hình lớn thì mọi trải nghiệm từ làm việc hay giải trí trên Galaxy A50 128GB đều \"đã hơn nhiều\".\r\n\r\nCùng với cấu hình lên đến RAM 6 GB, chip mới Exynos 9610 thì A50 chiến tốt các thể loại game HOT hiện nay với cấu hình tầm trung trở lên khá ổn định: Liên Quân, PUBG,... chỉ cần bạn kết nối với 1 mạng wifi nhanh chóng.\r\n\r\nCamera chính phục bóng đêm\r\nCamera cũng là một điểm sáng trên Samsung Galaxy A50 128GB với cụm 3 camera ở mặt sau với camera chính 25 MP và hai cảm biến phụ 8 MP, 5 MP.\r\n\r\nĐiện thoại Samsung Galaxy A50 128GB | Camera sau\r\n\r\nBạn sẽ có đủ cách tính năng cần thiết nhất của người dùng smartphone như chụp ảnh chân dung, chụp ảnh phong cảnh hay một camera có khẩu độ lớn để chụp đêm.\r\n\r\nĐiện thoại Samsung Galaxy A50 128GB | Giao diện chụp ảnh\r\n\r\nCamera selfie với độ phân giải 25 MP cùng tính năng làm đẹp tự nhiên tự tin đem lại cho bạn những bức ảnh \"chuẩn không cần chỉnh\" và có thể chia sẻ ngay lên facebook để khoe với bạn bè.\r\n\r\n', 2, 1),
(6, 'Xiaomi Redmi 7 32GB', 3690000, 'https://cdn.tgdd.vn/Products/Images/42/198167/xiaomi-redmi-7-red-docquyen-400x460.png', 'Đặc điểm nổi bật của Xiaomi Redmi 7 32GB\r\n\r\nNếu bạn đang tìm kiếm một smartphone có mức giá rẻ nhưng cũng phải đáp ứng tốt nhu cầu sử dụng hằng ngày và phải có một thiết kế thời trang thì không có sự lựa chọn nào hợp lý hơn Xiaomi Redmi 7.\r\nĐiểm nổi trội về cấu hình khi nhắc đến máy\r\nCấu hình là điểm đáng tiền nhất trên Xiaomi Redmi 7 khi máy sở hữu con chip Snapdragon 632 cho sức mạnh vượt trội trong tầm giá.\r\n\r\nXiaomi Redmi 7 32GB | Điểm Antutu\r\n\r\nMáy dễ dàng đáp ứng tốt các nhu cầu cơ bản và đủ sức chơi các tựa game đang hot hiện tại như: Liên Quân Mobile, PUBG Mobile....\r\n\r\nThật khó để bạn có thể tìm ra một chiếc máy nào có hiệu năng tốt hơn chiếc điện thoại Xiaomi này trong cùng tầm giá.\r\n\r\nXiaomi Redmi 7 32GB | Giao diện Android và tính năng\r\n\r\nBên cạnh đó máy còn được ưu ái sử dụng giao diện MIUI 10 dựa trên Android 9.0 (Pie) mang lại sự tối ưu mượt mà hơn.\r\n\r\nCamera kép xoá phông tốt\r\nNếu như cấu hình vẫn chưa đủ làm bạn hài lòng thì Redmi 7 còn sở hữu cho mình cụm camera kép ở mặt lưng với khả năng chụp ảnh xóa phông khá ảo diệu.\r\n\r\nXiaomi Redmi 7 32GB | Giao diện chụp ảnh\r\n\r\nNgoài ra camera trước 8 MP hỗ trợ tính năng làm đẹp tự nhiên giúp bạn có những tấm ảnh sống ảo vô cùng ấn tượng.\r\n\r\nXiaomi Redmi 7 32GB | Ảnh chụp xoá phông\r\n\r\nChất lượng ảnh cho ra từ máy khá sắc nét, khả năng bắt nét cũng rất nhanh giúp bạn không bỏ lỡ bất cứ khoảnh khắc đẹp nào trong cuộc sống.\r\n\r\nXiaomi Redmi 7 32GB | Ảnh chụp từ camera sau\r\n\r\nNgoại hình bắt mắt và nổi bật\r\nBên trong tốt là thế nhưng ngoại hình của máy vẫn rất được chú ý với kiểu hoàn thiện bóng bẩy và thời trang.\r\n\r\nXiaomi Redmi 7 32GB | Thiết kế\r\n\r\nMàn hình thiết kế theo xu thế giọt nước mang lại trải nghiệm mới mẻ và thoải mái.\r\n\r\nXiaomi Redmi 7 32GB | Màn hình\r\n\r\nKích thước màn hình lớn lên tới 6.26 inch độ phân giải HD+ cũng sẽ giúp bạn có những giây phút thư giản thoải mái với những thước phim hấp dẫn.\r\n\r\nViên pin khủng đến 4000 mAh\r\nĐể người dùng có được trải nghiệm \"hoàn hảo\" nhất thì nhà sản xuất cũng đã rất cố gắng khi mang đến viên pin dung lượng lên tới 4000 mAh.\r\n\r\nXiaomi Redmi 7 32GB | Trên tay trải nghiệm\r\n\r\nNhờ đó bạn có thể sử dụng Redmi 7 cả ngày mà không sợ hết pin giữa chừng.\r\n\r\nXiaomi Redmi 7 32GB | Khe 2 sim và 1 thẻ nhớ\r\n\r\nTất nhiên bạn cũng sẽ có 2 SIM 2 sóng hay kết nối 4G tốc độ cao khi sở hữu cho mình một chiếc Xiaomi Redmi 7.\r\n\r\n', 3, 1),
(7, 'Oppo F11 Pro', 8490000, 'https://cdn.tgdd.vn/Products/Images/42/198791/oppo-f11-pro-2nambh-400x460.png', 'Đặc điểm nổi bật của OPPO F11 Pro 64GB\r\n\r\nOPPO F11 Pro là chiếc smartphone mới nhất thuộc dòng F-series - dòng sản phẩm được rất nhiều người dùng yêu thích, máy mang trong mình sự thay đổi hoàn toàn về thiết kế và đặc biệt sở hữu những tính năng độc đáo.\r\nThiết kế độc đáo, gây thu hút mọi người\r\nChắc chắn bạn sẽ bị \"mê hoặc\" bởi vẻ ngoài của OPPO F11 Pro khi OPPO đã khoác lên máy thiết kế mặt lưng bóng bẩy cùng hiệu ứng chuyển màu độc đáo hứa hẹn sẽ khiến giới trẻ \"phát cuồng\".\r\n\r\nThiết kế của điện thoại OPPO F11 Pro chính hãng\r\n\r\nPhần viền máy được làm bo cong ôm sát cung cấp khả năng trải nghiệm cầm nắm thoải mái, dù điện thoại có kích thước khá lớn.\r\n\r\nThiết kế của điện thoại OPPO F11 Pro chính hãng\r\n\r\nCơ chế camera nhô ra thụt vào độc đáo\r\nOPPO F11 Pro sở hữu camera trước độ phân giải 16 MP có thể với cơ chế mới rất ấn tượng.\r\n\r\nCamera trước selfie của điện thoại OPPO F11 Pro chính hãng\r\n\r\nOPPO gọi đây là cơ chế pop-up (bật lên), lúc nào cần thì camera sẽ tự động được bật lên và sẽ ẩn đi khi không sử dụng.\r\n\r\nĐiều này mang lại cho bạn một diện tích hiển thị chiếm tới 90.9% mặt trước cho bạn một trải nghiệm màn hình liền mạch và thoáng đãng.\r\n\r\nChế độ làm đẹp bằng AI hay những công nghệ mà những chiếc smartphone OPPO đã mang đến thì bạn hoàn toàn có thể tự tin với khả năng selfie của OPPO F11 Pro.\r\n\r\nCông nghệ sạc nhanh VOOC 3.0 độc quyền\r\nOPPO sở hữu riêng cho mình công nghệ sạc nhanh VOOC cực kỳ ấn tượng và trên F11 Pro thì đã được nâng cấp lên phiên bản 3.0.\r\n\r\nThời lượng pin của điện thoại OPPO F11 Pro chính hãng\r\n\r\nViên pin dung lượng 4.000 mAh trên OPPO F11 Pro có thể giúp bạn thoải mái sử dụng lên tới gần 2 ngày.\r\n\r\nThời lượng pin của điện thoại OPPO F11 Pro chính hãng\r\n\r\nVà nhờ sự hỗ trợ của sạc nhanh VOOC 3.0 thì bạn chỉ mất 40 phút để nạp đầy năng lượng cho viên pin dung lượng khủng của máy.\r\n\r\nCamera đáng đồng tiền bát gạo\r\nĐã rất lâu rồi OPPO mới lại đem lên chiếc smartphone của mình camera chính với độ phân giải lên tới 48 MP.\r\n\r\nCamera sau của điện thoại OPPO F11 Pro chính hãng\r\n\r\nNgoài ra máy cũng có thêm một camera 5 MP hỗ trợ chụp ảnh xóa phông hứa hẹn sẽ cho bạn những bức ảnh để \"sống ảo vô cùng đẹp mắt\".\r\n\r\nOPPO tuyên bố camera trên smartphone mới của họ có khả năng chụp trong điều kiện thiếu sáng ấn tượng với chế độ Ultra Night Mode.\r\n\r\nHiệu năng khá trong phân khúc\r\nCung cấp sức mạnh cho chiếc smartphone này chính là con chip MediaTek Helio P70 8 nhân đủ để trải nghiệm các dòng game hot: PUBG, Liên Quân ở mức cấu hình tầm trung và đặc biệt máy sở hữu tới 6 GB RAM.\r\n\r\nCấu hình của điện thoại OPPO F11 Pro chính hãng\r\n\r\nVới dung lượng RAM khủng như vậy thì bạn có thể tự tin sử dụng nhiều ứng dụng cùng lúc mà máy vẫn chuyển qua lại một cách mượt mà.\r\n\r\nMột điểm cộng khác là máy chạy sẵn Android 9.0 (Pie) ngay khi bán ra cho bạn nhiều trải nghiệm mới mẻ.\r\n', 4, 1),
(8, 'Xiaomi Mi 8', 12990000, 'https://cdn.tgdd.vn/Products/Images/42/167539/xiaomi-mi-8-black-400x460.png', 'Đặc điểm nổi bật của Xiaomi Mi 8\r\n\r\nTìm hiểu thêm\r\nTìm hiểu thêm\r\nTìm hiểu thêm\r\nTìm hiểu thêm\r\nBộ sản phẩm chuẩn: Cáp,Adapter chuyển USB,Hộp,Cây lấy sim\r\n\r\nXiaomi Mi 8 sẽ là cái tên được nhắc đến nhiều trong gia đình Xiaomi khi mang trong mình đầy đủ những gì gọi là cao cấp đến từ vẻ đẹp bên ngoài cũng như phần cứng mạnh mẽ bên trong.\r\nThiết kế sang trọng\r\nXiaomi luôn biết làm mới mình khi tạo ra smartphone Mi 8 với thân hình long lanh và quyến rũ đến từng chi tiết nhờ sự kết hợp tinh tế giữa khung kim loại và 2 mặt kính cao cấp.\r\n\r\nXiaomi Mi 8\r\n\r\nMặt kính cong 2.5D đem lại sự mượt mà khi vuốt chạm\r\n\r\nMặt lưng của máy có khả năng thay đổi màu sắc ở các góc nghiêng khác nhau giúp máy trở nên nổi bật và thu hút mọi ánh nhìn.\r\n\r\nXiaomi Mi 8\r\n\r\nCảm biến vân tay được đặt ở vị trí thuận tiện, dễ dàng mở khóa\r\n\r\nSắc sảo không kém khi mặt trước của máy là một không gian hiển thị rộng lớn với điểm nhấn là chiếc tai thỏ \"dễ thương\" tạo cho bạn cảm giác vừa thân thuộc nhưng cũng đầy phá cách.\r\n\r\nXiaomi Mi 8\r\n\r\nMáy thon gọn vừa vặn với lòng bàn tay\r\n\r\nCác góc cạnh của máy được bo cong mềm mại đem lại khả năng cầm nắm chắc chắn và ít sợ bị trơn trượt mỗi khi tay bạn ra mồ hôi.\r\n\r\nMàn hình sắc nét\r\nĐược tối ưu với tỷ lệ màn hình 18:9 đem đến cho Xiaomi Mi 8 một diện tích hiển thị lên đến 83.8% trên kích thước 6.21 inch đảm bảo cho bạn có một không gian trải nghiệm tương đối thoải mái.\r\n\r\nXiaomi Mi 8\r\n\r\nKhông gian trải nghiệm được tối ưu\r\n\r\nNhờ được trang bị tấm nền Super AMOLED cùng độ phân giải Full HD+ giúp hình ảnh luôn sống động, rực rỡ và nịnh mắt để bạn có thể đắm chìm trong những thước phim chất lượng cao.\r\n\r\nHiệu năng hàng đầu\r\nBộ não trung tâm của máy chính là con chip Snapdragon 845 với một hiệu năng mạnh mẽ được tối ưu về khả năng xử lý hình ảnh, đồ họa trong game hay các tác vụ khác trở nên mượt mà và nhanh chóng.\r\n\r\nXiaomi Mi 8\r\n\r\nHỗ trợ 4G tốc độ cao\r\n\r\nBên cạnh đó, máy còn được trang bị RAM lên đến 6 GB khá dư giả để bạn có thể chạy đa nhiệm một cách ổn định hay thoải mái lưu trữ với bộ nhớ trong 64 GB.\r\n\r\nXiaomi Mi 8\r\n\r\nĐiểm số Antutu ấn tượng dễ dàng vượt qua thử thách khi chơi game\r\n\r\nKhông những thế, với việc được cài sẵn Android 8.1 (Oreo) cùng giao diện MIUI 10 thông minh sẽ giúp các thao tác và trải nghiệm của bạn trở nên đơn giản và dễ dàng hơn rất nhiều.\r\n\r\nCamera xuất sắc\r\nNgoài một hiệu năng ấn tượng, thì camera của máy cũng được Xiaomi quan tâm một cách đặc biệt để trở thành một trong những smartphone chụp ảnh đẹp nhất hiện nay với 105 điểm DxOMark.\r\n\r\nXiaomi Mi 8\r\n\r\nHỗ trợ quay phim 4K 2160p@30fps\r\n\r\nMột chút về thông số, máy sở hữu cụm camera kép cùng độ phân giải là 12 MP tích hợp nhiều công nghệ chụp ảnh tiên tiến nhất hiện nay.\r\n\r\nXiaomi Mi 8\r\n\r\nTích hợp đèn LED kép tăng cường độ sáng khi chụp ảnh ban đêm\r\n\r\nChất lượng ảnh chụp cho ra vô cùng ấn tượng với độ chi tiết cao, màu sắc hài hòa nhưng không kém phần rực rỡ, cùng với đó là khả năng xóa phông mềm mại.\r\n\r\nXiaomi Mi 8\r\n\r\nHình ảnh với chi tiết rõ nét, độ sáng cao\r\n\r\nĐộ phân giải 20 MP là thông số của cụm camera trước, hứa hẹn sẽ mang đến cho bạn một bức ảnh selfie đẹp lung linh mà không cần dùng đến các ứng dụng bên thứ 3.\r\n\r\nTích hợp nhiều tính năng hiện đại\r\nĐể trở thành một trong những kẻ dẫn đầu thì phải kể đến công nghệ sạc nhanh Quick Charge 3.0 hay tính năng mở khóa bằng khuôn mặt đang là xu hướng thì cũng đều có mặt trên Mi 8.\r\n\r\nXiaomi Mi 8\r\n\r\nThuận tiện với 2 SIM 2 sóng\r\n\r\nHơn nữa là các kết nối như Bluetooth, Wifi, NFC thì máy đều được trang bị những chuẩn mới và hiện đại nhất.\r\n\r\nXiaomi Mi 8\r\n\r\nMáy được trang bị cổng USB Type C kết nối nhanh chóng\r\n\r\nNgoài ra, với viên pin 3400 mAh tuy không lớn nhưng vẫn có thể đáp ứng cho bạn khoảng 1 ngày sử dụng với các tác vụ cơ bản hằng ngày.\r\n\r\n\r\n', 3, 1),
(9, 'Samsung Galaxy A8 Star', 7990000, 'https://cdn.tgdd.vn/Products/Images/42/166247/samsung-galaxy-a8-star-black-400x460.png', 'Samsung Galaxy A8 Star là một biến thể mới của dòng A trong gia đình Samsung với sự nâng cấp vượt trội về camera cũng như thay đổi trong thiết kế.\r\nThiết kế mang vẻ đẹp hiện đại\r\nĐiện thoại Samsung mới sở hữu thiết kế vẫn khá quen thuộc với thân hình có phần nam tính, mạnh mẽ và hiện đại, đan xen một chút mềm mại đến từ các góc cạnh và mặt lưng của máy.\r\n\r\nThiết kế điện thoại Samsung Galaxy A8 Star\r\n\r\nĐiểm đáng chú ý nhất có lẽ là cụm camera kép phía sau nay đã được đặt dọc về một phía tương tự như thiết kế của iPhone X và một số điện thoại khác.\r\n\r\nThiết kế điện thoại Samsung Galaxy A8 Star\r\n\r\nTuy nhiên, cảm biến vân tay lại nằm ở vị trí khá cao, điều này sẽ gây ra một chút bất tiện cho những bạn có bàn tay nhỏ mà không thể với tới khi cầm máy bằng một tay.\r\n\r\nThiết kế điện thoại Samsung Galaxy A8 Star\r\n\r\nBù lại thì không gian trải nghiệm mặt trước được tối ưu với màn hình kích thước 6.3 inch trên tỷ lệ 18.5:9 sẽ khiến bạn phải mê mẩn mỗi khi xem phim hay lướt web.\r\n\r\nMàn hình điện thoại Samsung Galaxy A8 Star\r\n\r\nBên cạnh đó là tấm nền Super AMOLED cùng độ phân giải Full HD+ đem lại độ tương phản cao, màu sắc nịnh mắt và sắc nét đến từng chi tiết giúp trải nghiệm của bạn được nâng cao hơn.\r\n\r\nMàn hình điện thoại Samsung Galaxy A8 Star\r\n\r\nHiệu năng mạnh mẽ\r\nSức mạnh của A8 Star khá ấn tượng đến từ Snapdragon 660 mạnh mẽ mang lại khả năng xử lý các tác vụ mượt mà và nhanh chóng.\r\n\r\nChơi game liên quân trên điện thoại Samsung Galaxy A8 Star\r\n\r\n\r\nXem thêm: Trải nghiệm chơi game trên điện thoại Samsung Galaxy A8 Star.\r\n\r\nHơn nữa, với 4 GB RAM cùng 64 GB bộ nhớ trong sẽ đảm bảo cho bạn trong việc chạy đa nhiệm hay lưu trữ được ổn định và thoải mái nhất.\r\n\r\nChơi game liên quân trên điện thoại Samsung Galaxy A8 Star\r\n\r\nVới Android 8.0 (Oreo) được tùy biến và bổ sung nhiều tính năng mới thì mọi trải nghiệm của bạn sẽ trở nên thú vị và đơn giản hơn đáng kể.\r\n\r\nGiao diện Android 8 của điện thoại Samsung Galaxy A8 Star\r\n\r\n❝Nói chung, hiệu năng ổn, chip Qualcom là sự lựa chọn tốt. Chơi các game nặng ok, đánh giá con này tầm 8 điểm, thiết kế đẹp so với tầm tiền.❞\r\n\r\nBùi Duy Tân\r\nĐã mua tại Thế giới di động\r\nCamera chất lượng cao\r\nMột trong những điểm mạnh của A8 Star phải kể đến đó chính là camera sau có độ phân giải cao, với ống kính chính 16 MP và phụ 24 MP, tích hợp nhiều công nghệ chụp ảnh hiện đại và xoá phông tuyệt đỉnh.\r\n\r\nGiao diện camera của điện thoại Samsung Galaxy A8 Star\r\n\r\nChất lượng ảnh chụp cho ra sẽ làm bạn cảm thấy hài lòng với độ sáng cao, màu sắc rực rỡ, sống động và các chi tiết được tái tạo rõ nét.\r\n\r\nẢnh chụp từ Samsung Galaxy A8 Star\r\n\r\nChưa dừng lại ở đó, camera trước của máy cũng ấn tượng không kém khi có độ phân giải khủng lên đến 24 MP tích hợp công nghệ Sticker AR để bạn có thể ảo diệu và lung linh hơn mỗi khi chụp ảnh tự sướng với bạn bè.\r\n\r\nẢnh selfie chụp từ Samsung Galaxy A8 Star\r\n\r\nXem thêm: Đánh giá chi tiết camera điện thoại Samsung Galaxy A8 Star.\r\n\r\nDung lượng pin khủng\r\nMáy được trang bị viên pin 3700 mAh có hỗ trợ công nghệ sạc nhanh, hứa hẹn sẽ cho bạn một thời gian sử dụng tương đối thoải mái trong khoảng 1 ngày với các tác vụ cơ bản.\r\n\r\nĐiện thoại Samsung Galaxy A8 Star\r\n\r\nNgoài ra, đi kèm theo đó là những tính năng như: bảo mật bằng khuôn mặt, hỗ trợ 4G tốc độ cao hay chế độ Always On Display hiện đại.\r\n\r\n❝Mình mới nhận em này được 10 ngày đang trong thời gian trải nghiệm, hình ảnh đẹp, pin trâu, máy chạy mượt, nói chung đến giờ là ổn, đáng đồng tiền bỏ ra...❞\r\n\r\n\r\n', 2, NULL),
(10, 'OPPO R17 Pro', 13990000, 'https://cdn.tgdd.vn/Products/Images/42/186395/oppo-r17-pro-2-400x460.png', 'OPPO R17 Pro được xem là chiếc smartphone sự hiện thân của cái đẹp khi được khoác lên mình một thiết kế trẻ trung và hiện đại, cùng với đó là hàng loạt các trang bị cao cấp đi từ cấu hình cho đến camera.\r\nThiết kế thời trang, phá cách\r\nOPPO R17 Pro sở hữu cho mình lối thiết kế mới sẽ khiến bạn phải mê mẩn đến từ chiếc tai thỏ hình giọt nước vô cùng quyến rũ.\r\n\r\nMàn hình điện thoại OPPO R17 Pro chính hãng\r\n\r\nThân hình uyển chuyển với các đường cong mềm mại và cực kì thu hút khi màn hình của máy gần như chiếm trọn mặt trước.\r\n\r\nThiết kế điện thoại OPPO R17 Pro chính hãng\r\n\r\nẤn tượng hơn với mặt lưng kính, trong sự kết hợp hài hòa giữa màu xanh và tím tạo nên hiệu ứng gradient đa sắc độ khi bạn ngắm nhìn ở các góc nghiêng khác nhau.\r\n\r\nĐánh giá điện thoại OPPO R17 Pro chính hãng\r\n\r\nKhông gian trải nghiệm phía trước có kích thước khủng lên đến 6.4 inch và trở thành một trong những smartphone có màn hình lớn nhất hiện nay.\r\n\r\nMàn hình điện thoại OPPO R17 Pro chính hãng\r\n\r\nVề khả năng hiển thị R17 Pro hứa hẹn sẽ mang lại cho bạn một trải nghiệm tuyệt vời nhất với tấm nền AMOLED rực rỡ cùng độ phân giải Full HD+ siêu nét.\r\n\r\nCấu hình với chip Snapdragon 710 mạnh mẽ\r\nSức mạnh của R17 Pro sẽ không làm bạn thất vọng khi mang trong mình con chip Snapdragon 710 kết hợp 8 GB RAM cùng 128 GB bộ nhớ trong.\r\n\r\n\r\nVới những thông số trên thì mọi tác vụ hằng ngày của bạn như: chơi game, xem phim, lướt web sẽ được xử lý một cách nhanh chóng và đơn giản.\r\n\r\n\r\nHơn nữa, giao diện ColorOS 5.2 được tùy biến thông minh sẽ giúp các trải nghiệm của bạn trở nên thú vị hơn rất nhiều.\r\n\r\nĐiểm nhấn đặc biệt về camera\r\nOPPO luôn cho thấy sự chịu chơi của mình khi trang bị cho R17 Pro cụm camera với 3 thấu kính có độ phân giải lần lượt là 20 MP, 12 MP và TOF 3D.\r\n\r\nCamera sau điện thoại OPPO R17 Pro chính hãng\r\n\r\nChi tiết hơn, camera chính góc rộng 12 MP được tích hợp ổn định hình ảnh quang học và có thể thay đổi khẩu độ giữa F/2.4 và F/1.5 như trên Samsung Galaxy Note 9.\r\n\r\nGiao diện camera điện thoại OPPO R17 Pro chính hãng\r\n\r\nCòn với camera phụ 20 MP sẽ được sử dụng để phóng to ảnh cũng như tạo các hiệu ứng làm mờ hỗ trợ cho tính năng chụp ảnh xóa phông.\r\n\r\n\r\nChưa dừng lại ở đó, R17 Pro còn được trang bị cảm biến TOF 3D camera chụp được ảnh 3D và tương tác ảo AR nhờ tích hợp thêm mô-đun cảm biến chiều sâu 3D.\r\n\r\nCụm camera trước trên điện thoại OPPO R17 pro chính hãng\r\n\r\nCamera trước cũng để lại ấn tượng không kém với độ phân giải 25 MP cực khủng tích hợp chế độ làm đẹp nhiều cấp độ, hứa hẹn sẽ là một lựa chọn tuyệt vời cho bạn mỗi khi chụp ảnh tự sướng.\r\n\r\nCông nghệ SuperVOOC sạc siêu nhanh\r\nOPPO R17 Pro được ưu ái tích hợp chuẩn sạc nhanh SuperVOOC với công suất lên đến 50W cho phép bạn sạc từ 0% đến 40% chỉ trong 10 phút.\r\n\r\nCổng sạc điện thoại OPPO R17 Pro chính hãng\r\n\r\nBên cạnh đó, một công nghệ đặc biệt khác cũng phải kể đến đó chính là cảm biến vân tay siêu âm bên trong màn hình vô cùng hiện đại và tương lai.\r\n\r\nVân tay siêu âm trên điện thoại OPPO R17 Pro chính hãng\r\n\r\nNgoài ra, pin của máy có dung lượng cao lên đến 3700 mAh đáp ứng cho bạn thời gian trải nghiệm dư giả và thoải mái trong 1 ngày sử dụng.\r\n\r\n\r\n\r\n', 4, 1),
(13, 'iPhone 7 Plus 32GB', 12990000, 'https://cdn.tgdd.vn/Products/Images/42/78124/iphone-7-plus-gold-400x460.png', 'Mặc dù giữ nguyên vẻ bề ngoài so với dòng điện thoại iPhone đời trước, bù lại iPhone 7 Plus 32GB lại được trang bị nhiều nâng cấp đáng giá như camera kép đầu tiên cũng như cấu hình mạnh mẽ.\r\nChiếc điện thoại sở hữu camera kép đầu tiên của Apple\r\nCamera kép mặt lưng của điện thoại iPhone 7 Plus\r\n\r\niPhone 7 Plus là chiếc iPhone đầu tiên được trang bị camera kép có cùng độ phân giải 12 MP, đem lại khả năng chụp ảnh ở hai tiêu cự khác nhau.\r\n\r\nCamera chính chụp hình góc rộng, còn camera phụ có tiêu cự phù hợp để chụp chân dung, có tính năng chụp chân dung xóa phông (làm mờ hậu cảnh). \r\n\r\nVới 1 chạm nhanh chóng bạn có thể chuyển đổi giữa chế độ 1x và zoom 2x, hoặc bạn có thể kéo thanh trượt hay dùng 2 ngón tay đến zoom. Apple đã thêm tính năng zoom kỹ thuật số lên đến 10x.\r\n\r\nCamera kép mặt lưng của điện thoại iPhone 7 Plus\r\nCamera trước nâng cấp độ phân giải 7MP với khẩu độ mở lớn f/2.2 hỗ trợ chụp trong điều kiện thiếu sáng tuyệt vời với công nghệ Retina Flash, Auto HDR.\r\n\r\nẢnh selfie từ điện thoại iPhone 7 Plus\r\n\r\nChụp thiếu sáng với Retina Flash trên điện thoại iPhone 7 Plus\r\n\r\nCấu hình mạnh mẽ với chip Apple A10\r\nKhả năng chơi game của điện thoại iPhone 7 Plus\r\n\r\nNgoài trái tim Apple A10 Fusion 4 nhân với hiệu năng cực kì mạnh mẽ và ấn tượng thì iPhone 7 Plus còn được cập nhật hệ điều hành mới nhất với nhiều tính năng bất ngờ, và thú vị.\r\n\r\n“Táo khuyết” cũng không quên nhấn mạnh iPhone 7 Plus sẽ nhanh hơn iPhone đời đầu tới… 140 lần. Những ai mê chơi game trên di động cũng sẽ “phải lòng” iPhone mới khi có chip xử lý đồ họa được nâng tầm đúng chất “máy chơi game”.\r\n\r\nMàn hình Retina sắc nét\r\nMàn hình Retina sáng và sắc nét trên điện thoại iPhone 7 PlusMàn hình Retina trên 7 Plus hỗ trợ DCI-P3 gam màu rộng, nghĩa là chúng có khả năng tái tạo màu sắc trong phạm vi của sRGB. Nói đơn giản, chúng có thể hiển thị sống động hơn, sắc thái hình ảnh tốt hơn trước đó. Độ phân giải, mật độ điểm ảnh và kích thước màn hình vẫn giữ nguyên so với iPhone 6s Plus.\r\n\r\nDàn loa stereo sống động\r\nDàn loa stereo của điện thoại iPhone 7 PlusLần đầu tiên iPhone xuất hiện tính năng âm thanh Stereo. Phim ảnh, podcast và các cuộc gọi loa ngoài bây giờ âm thanh rõ ràng hơn rất nhiều. Đó là do Apple đã dùng công nghệ thiết lập loa chứ không phải thiết kế 2 loa ngay trên mặt.\r\n\r\nThiết kế có sự thay đổi nhẹ\r\nĐiểm nhấn ấn tượng nhất nằm ở mặt lưng của sản phẩm với hiệu ứng phản chiếu ánh sáng khi thay đổi góc nhìn rất đặc biệt. Hiệu ứng này cũng được áp dụng cho toàn bộ khung máy, từ cạnh trên, cạnh dưới cho đến các nút bấm nên cho cảm giác một thiết bị cực kỳ hoàn thiện, gần như không có bất kỳ một chi tiết thừa nào cả. \r\n\r\nDiện mạo mới của điện thoại iPhone 7 PlusThay đổi dãy nhựa an-ten bắt sóng được đưa vòng lên trên thay vì cắt ngang ở mặt lưng như trước.\r\n\r\nDiện mạo mới của điện thoại iPhone 7 PlusNút Home quen thuộc không còn là phím vật lý nữa mà được thay thế bằng cảm ứng, nó sẽ rung lên khi bạn ấn. Vì đã dùng iPhone một thời gian rất dài, nên tôi công nhận rằng hơi khó để làm quen với nó, nhưng có lẽ chỉ mất vài ngày thôi.\r\n\r\nIPhone 7 Plus theo bản thân đánh giá là một sự  lựa chọn hợp lý trong tầm giá:\r\n\r\nƯu điểm:\r\nHiệu năng rất cao\r\nCamera trước sau rất tuyệt vời\r\nThời lượng pin tốt\r\nNhược điểm:\r\nLoại bỏ jack 3.5mm\r\nKhông thay đổi thiết kế quá nhiều mặc dù đã 3 năm\r\nPhím Home cần thời gian để làm quen\r\n\r\n', 1, NULL),
(14, 'iPhone X', 27990000, 'https://cdn.tgdd.vn/Products/Images/42/114111/iphone-x-256gb-h2-400x460.png', 'Đặc điểm nổi bật của iPhone X 256GB\r\n\r\nBộ sản phẩm chuẩn: Hộp, Sạc, Tai nghe, Sách hướng dẫn, Cáp, Cây lấy sim\r\n\r\niPhone X được đã được Apple cho ra mắt ngày 12/9 vừa rồi đánh dấu chặng đường 10 năm lần đầu tiên iPhone ra đời. iPhone X mang trên mình thiết kế hoàn toàn mới với màn hình Super Retina viền cực mỏng và trang bị nhiều công nghệ hiện đại như nhận diện khuôn mặt Face ID, sạc pin nhanh và sạc không dây cùng khả năng chống nước bụi cao cấp.\r\nThiết kế luôn mang tính đi đầu và cao cấp\r\nThiết kế điện thoại iPhone X\r\n\r\nMàn hình điện thoại iPhone X được phủ kín gần như toàn bộ ở mặt trước và vẫn chừa lại một phần màn hình cho loa, camera và các cảm biến ở phía trên.\r\n\r\nThiết kế điện thoại iPhone X\r\n\r\nCòn mặt sau vẫn là chất liệu kính, đồng thời iPhone X cũng trang bị chuẩn chống nước IP67.\r\n\r\nMặt lưng điện thoại iPhone X\r\n\r\nThay vì sử dụng công nghệ TrueTone HD thì màn hình OLED 5.8 inch của iPhone X được trang bị công nghệ Super Retina cho mật độ điểm ảnh lên tới 458 dpi. \r\n\r\nMàn hình điện thoại iPhone X\r\n\r\nVới màn hình tràn viền như này mà không có nút Home thì người dùng sẽ phải vuốt từ dưới lên để mở trình quản lý đa nhiệm.\r\n\r\nMàn hình điện thoại iPhone X\r\n\r\nTương tự như Galaxy Note 8, giờ đây iPhone X cũng có riêng một phím để gọi Siri ra hỗ trợ.\r\n\r\nThiết kế điện thoại iPhone X\r\n\r\nCấu hình mạnh mẽ, ổn định vượt bậc với chip Apple A11\r\nĐi kèm với màn hình chất lượng đó thì chúng ta sẽ có Chip A11 Bionic. Một cái tên gì đó nghe có vẻ rất là \"Chất\". Và chip này có 6 lõi, cho hiệu suất hoạt động tốt hơn 25% so với A10.\r\n\r\nChip Apple A11 trên điện thoại iPhone X\r\n\r\nNhận diện khuôn mặt Face ID trong mọi điều kiện\r\nVẫn là vấn đề cũ, không có Touch ID thì mở khóa bằng... mặt. Giờ đây chúng ta đã có Face ID để làm điều đó. Với công nghệ vô cùng đặc biệt này, bạn có thể mở khóa bằng khuôn mặt của mình dù là ngoài trời nắng hay trong bóng đêm, kể cả chưa cạo râu hay mới cắt tóc,... Face ID chấp hết.\r\n\r\nFace ID trên điện thoại iPhone X\r\n\r\nTheo Apple, Face ID có độ bảo mật còn cao hơn cả Touch ID, đạt tỷ lệ nhận diện sai chỉ là 1 trên 1.000.000 (1 triệu), trong khi Touch ID là 1 trên 50.000.\r\n\r\nFace ID trên điện thoại iPhone X\r\n\r\nCamera tích hợp Animoji\r\nMột tính năng mới đi kèm với Face ID là Animoji vô cùng mới mẻ khi bạn có thể tạo được những emotion chuyển động theo khuôn mặt của bạn một cách rất ngộ nghĩnh và đáng yêu.\r\n\r\nTính năng Animoji tích hợp trên camera điện thoại iPhone X\r\n\r\nKhông chỉ camera trước, mà camera sau của iPhone X cũng nhận được những nâng cấp mạnh mẽ với hệ thống camera kép có cùng độ phân giải 12MP theo đó ống kính chính góc rộng và ống kính phụ tele. Đặc biệt, cả hai camera của iPhone X đều được trang bị công nghệ chống rung quang học, đi cùng với đó là hệ thống đèn Flash LED mới.\r\n\r\nCụm camera sau điện thoại iPhone X\r\n\r\nHỗ trợ sạc không dây và dung lượng pin bền bỉ hơn\r\nTương tự như bộ đôi iPhone 8 và iPhone 8 Plus thì iPhone X cũng được trang bị tính năng sạc không dây. Chúng ta sẽ được thấy một chiếc sạc không dây tới từ Apple có tên là AirPower.\r\n\r\niPhone X hỗ trợ sạc không dây\r\n\r\nVà thời lượng pin của iPhone X sẽ nhiều hơn 2 giờ so với iPhone 7.\r\n\r\nDung lượng pin trên điện thoại iPhone X\r\n\r\niPhone X sẽ có 2 tùy chọn bộ nhớ trong là 64 GB và 256 GB tương tự như iPhone 8/8 Plus.\r\n\r\nCác phiên bản của điện thoại iPhone X\r\n\r\nVới thiết kế cực sang trọng cùng những tính năng hiện đại, iPhone X - phiên bản iPhone kỷ niệm 10 năm ngày ra mắt iPhone nhắm đến phân khúc người dùng cực kỳ cao cấp, việc được sỡ hữu siêu phẩm iPhone X sẽ là niềm tự hào với cộng đồng iFan.\r\n\r\n', 1, 1),
(46, 'Nam Ngụy Trang In Huấn Luyện Viên Da Lộn', 349000, 'https://img.ltwebstatic.com/images2_pi/2019/05/09/15573666841977676654_thumbnail_600x799.jpg', 'Phụ kiện:	Ren lên\r\nMàu sắc :	màu đen\r\nVải lót:	Polyester\r\nVật liệu đế ngoài:	Cao su\r\nKiểu mẫu:	Ngụy trang\r\nMùa:	Mùa xuân/thu\r\nPhong cách:	dễ chịu\r\nNgón chân:	Ngón chân tròn\r\nVật liệu phía trên:	Lưới thép, Da lộn', NULL, 4),
(49, 'Giày Thể Thao Nam Casual Màu Đen', 417000, 'https://img.ltwebstatic.com/images2_pi/2018/10/29/1540777347144003158_thumbnail_600x799.jpg', 'Phụ kiện:	Ren lên\r\nMàu sắc :	màu đen\r\nVật liệu đế ngoài:	Cao su\r\nPhong cách:	Thể thao\r\nVật liệu phía trên:	Lưới thép\r\nKích thước phù hợp:	Kích thước quá nhỏ', NULL, 4),
(51, 'Máy Ảnh Canon EOS 3000D ', 9600000, 'https://admin.binhminhdigital.com//StoreData/images/Product/Canon-3000d(1).jpg', '- Cảm biến CMOS 18.0 megapixel\r\n\r\n- Bộ xử lý hình ảnh DIGIC 4+\r\n- Hệ thống đo nét tiên tiến với 9 điểm\r\n- Màn hình LCD 3.0inch \r\n- Tốc độ màn trập 30 - 1/4000giây\r\n- Tốc độ chụp liên tục tối đa 3.0 hình/giây\r\n- ISO 100-6400 (mở rộng 12800)\r\n- Quay phim Full HD\r\n- Kết nối Wifi / NFC\r\n- Pin tương thích LP-E10\r\n- Phụ kiện máy ảnh đi kèm : Pin, sạc pin, dây đeo, cataloge, phiếu bảo hành\r\n  Bảo Hành	24 tháng\r\n  Xuất Xứ	Đài Loan\r\n  Tình trạng	Còn hàng\r\n  Màu sắc	Màu Đen', NULL, 6),
(52, 'MÁY ẢNH CANON EOS 77D', 16400000, 'https://admin.binhminhdigital.com//StoreData/Product/10281/May-Anh-Canon-EOS-77D-Body-jpg.jpg', '- Cảm biến CMOS APS-C 24.2MP\r\n- Bộ xử lý hình ảnh DIGIC 7\r\n- Màn hình cảm ứng LCD 3inch 1.04m-Dot\r\n- Quay video Full HD 1080p tại 60fps\r\n- Hệ thống lấy nét theo pha 45 điểm Cross-Type\r\n- Dual Pixel CMOS AF\r\n- Tốc độ chụp liên tục 6fps, ISO mở rộng 51200\r\n- Tích hợp kết nối Wifi, NFC, Bluetooth\r\n- Cảm biến RGB+IR 7560 Pixel\r\n- Pin tương thích LP-E17\r\n  Bảo Hành	24 tháng\r\n  Xuất Xứ	Nhật bản\r\n  Tình trạng	Còn hàng\r\n  Màu sắc	Màu Đen', NULL, 6),
(57, 'MÁY ẢNH CANON EOS 6D MARK II BODY + MÁY IN CP1300 (TRẮNG)', 29000000, 'https://admin.binhminhdigital.com//StoreData/images/Product/canon-eos-6d-mark-ii-bodymay-in-cp1300.jpg', '- Cảm biến: 26.2 MP, full-frame, 6.240 x 4.160 pixel\r\n- Bộ xử lý hình ảnh: DIGIC 7\r\n- Màn hình: LCD 3\" cảm ứng, Clear View II, xoay và lật\r\n- ISO: 100 - 40.000\r\n- Tốc độ màn trập: 1/4.000 giây\r\n- Chụp liên tiếp: 6,5 fps\r\n- Cảm biến đo sáng: 7560-pixel RGB+IR (tương tự EOS 80D)\r\n- Quay phim: Full HD 1.920 x 1.080 pixel @ 60 fps / 30 fps / 24 fps,\r\n- Kết nối: Wi-Fi chuẩn n, Bluetooth 4.1 LE\r\n NFC, GPS + GLONASS + QZSS\r\n- Giao tiếp: USB 2.0, HDMI mini (type C), microphone, đèn flash\r\n- Thẻ nhớ: SD (SDHC/SDXC) UHS-I\r\n- Kích thước: 144.0 x 110.5 x 74.8mm\r\n- Khối lượng: 685g (thân máy), 765g (Pin và thẻ nhớ)\r\n\r\nBảo Hành	(máy ảnh) 24 tháng / (máy in) 12 tháng\r\nXuất Xứ	Nhật bản\r\nTình trạng	Còn hàng\r\nMàu sắc	Màu Đen', NULL, 6),
(58, 'MÁY ẢNH CANON POWERSHOT G9 X MARK II (BẠC)', 10200000, 'https://admin.binhminhdigital.com//StoreData/Product/9825/May-Anh-Canon-PowerShot-G9-X-Mark-II--Bac--jpg.jpg', '- Bộ cảm biến CMOS 20.1 megapixels loại 1.0 inch\r\n- Bộ xử lý hình ảnh Digic 7\r\n- Màn hình 3.0 inch cảm ứng\r\n- Độ dài tiêu cự 28-84mm f/2.0-4.9\r\n- Độ nhạy sáng ISO 125-12800\r\n- Tốc độ màn chập 1-30 / 2000 giây\r\n- Tốc độ chụp 8.1 ảnh/giây \r\n- Quay phim Full HD 1920 x 1080 / 1280 x 720 / 640 x 480\r\n- Vòng Điều khiển, Sạc bằng USB\r\n- Kết nối Wi-Fi / NFC/ Bluetooth\r\n- Pin tương thích NB-13L\r\n- Trọng lượng 206g\r\n- Phụ kiện máy ảnh đi kèm: Pin, Sạc pin, Dây đeo, Cataloge, Phiếu bảo hành', NULL, 6),
(59, 'Đồng hồ Jacques Lemans JL-40-1D', 2470000, 'https://www.dangquangwatch.vn//upload/product/426916170_Untitled-108.jpg', 'Thương hiệu:Thụy Sỹ\r\nXuất xứ:Áo\r\nKiểu dáng:Đồng hồ nam\r\nNăng lượng:Quartz (Điện tử)\r\nĐộ chịu nước:10 ATM\r\nChất liệu mặt:hardened crystex crystal (Kính cứng )\r\nĐường kính mặt:38 mm\r\nĐộ dầy:Chất liệu dây:Dây da\r\nSize dây:19 mm\r\n\r\nHãng sản xuất: Jacques Lemans\r\n\r\nLoại đồng hồ: Đồng hồ nam\r\n\r\nLoại kính: Hardened crystex crystal\r\n\r\nChất liệu vỏ: Thép không gỉ mạ PVD rose gold\r\n\r\nĐường kính vỏ: 38 mm\r\n\r\nChất liệu dây: Dây da\r\n\r\nNăng lượng sử dụng: Quartz\r\n\r\nMức độ chịu nước 10 ATM\r\n\r\nBảo hành: 10 năm\r\n', NULL, 7),
(60, 'Đồng hồ Jacques Lemans JL-1-1859G', 5770000, 'https://www.dangquangwatch.vn//upload/product/379821213_1-1859G.jpg', 'hương hiệu:Thụy Sỹ\r\nXuất xứ:Áo\r\nKiểu dáng:Đồng hồ Nam\r\nNăng lượng:Quartz (Điện tử)\r\nĐộ chịu nước:10 ATM\r\nChất liệu mặt:hardened crystex crystal (Kính cứng )\r\nĐường kính mặt:40 mm\r\nĐộ dầy:Chất liệu dây:Thép không gỉ\r\nSize dây:20 mm\r\n\r\nHãng sản xuất: Jacques Lemans\r\n\r\nLoại đồng hồ: Đồng hồ nam\r\n\r\nLoại kính: Hardened crystex crystal\r\n\r\nChất liệu vỏ: Stainless Steel\r\n\r\nĐường kính vỏ: 40 mm\r\n\r\nChất liệu dây: Dây da\r\n\r\nNăng lượng sử dụng: Quartz\r\n\r\nMức độ chịu nước 10 ATM\r\n\r\nBảo hành: 10 năm', NULL, 7),
(61, 'Đồng hồ Jacques Lemans JL-42-6H', 8670000, 'https://www.dangquangwatch.vn//upload/product/1290772828_42-6H.jpg', 'Thương hiệu:Thụy Sỹ\r\nXuất xứ:Áo\r\nKiểu dáng:Đồng hồ Nam\r\nNăng lượng:Quartz (Điện tử)\r\nĐộ chịu nước:10 ATM\r\nChất liệu mặt:hardened crystex crystal (Kính cứng )\r\nĐường kính mặt:42 mm\r\nĐộ dầy:Chất liệu dây:Thép không gỉ mạ Demi PVD\r\nSize dây:21 mm\r\n\r\nHãng sản xuất: Jacques Lemans\r\n\r\nLoại đồng hồ: đồng hồ nam\r\n\r\nLoại kính: hardened crystex crystal ( kính cứng )\r\n\r\nChất liệu vỏ: Thép không gỉ mạ Demi PVD\r\n\r\nĐường kính vỏ: 42 mm\r\n\r\nChất liệu dây: Thép không gỉ mạ Demi PVD\r\n\r\nNăng lượng sử dụng: Quartz\r\n\r\nMức độ chịu nước: 10 ATM\r\n\r\nBảo hành: 10 năm', NULL, 7);
INSERT INTO `sanpham` (`idSP`, `TenSP`, `GiaSP`, `HinhSP`, `MoTa`, `idLoaiSP`, `idDM`) VALUES
(62, 'Đồng hồ nam Jacques Lemans JL-1-1907ZH', 8670000, 'https://www.dangquangwatch.vn//upload/product/430221869_Untitled-19.jpg', 'Thương hiệu:Thụy Sỹ\r\nXuất xứ:Áo\r\nKiểu dáng:Đồng hồ Nam\r\nNăng lượng:Quartz (Điện tử)\r\nĐộ chịu nước:20 ATM\r\nChất liệu mặt:hardened crystex crystal (Kính cứng )\r\nĐường kính mặt:43 mm\r\nĐộ dầy:12.5mm\r\nChất liệu dây:Thép không gỉ mạ Demi PVD\r\nSize dây:22 mm\r\n\r\nHãng sản xuất: Jacques Lemans\r\n\r\nLoại đồng hồ: Thép không gỉ mạ Demi PVD\r\n\r\nLoại kính: Hardened Crystex Crystal\r\n\r\nChất liệu vỏ: Thép không gỉ mạ Demi PVD\r\n\r\nĐường kính vỏ: 43 mm\r\n\r\nĐộ dày vỏ: 12,5 mm\r\n\r\nChất liệu dây: Stainless Steel\r\n\r\nSize dây: 22 mm\r\nĐộ chịu nước: 20ATM\r\n\r\nNăng lượng sử dụng: Quartz\r\n\r\nBảo hành: 10 năm', NULL, 7),
(63, 'HIGH SIERRA Balo Ryler', 599000, 'https://houseofluggage.vn/Data/Sites/1/Product/3434/balo-ryler-h04aa059-01.jpg', 'Thiết kế lớn, nhiều ngăn tiện dụng\r\nNgăn laptop 17\" có đệm Cushion Zone đặc biệt êm ái\r\nTích hợp ngăn chứa máy tính bảng ứng dụng công nghệ Tech Spot\r\nTổ chức nội thất thông minh với nhiều ngăn đựng bút, chìa khóa\r\n\r\nBộ sưu tập balo Ryler có các ngăn lớn, vừa và nhỏ có thể dễ dàng đựng tất cả mọi thứ, cho dù bạn sử dụng Ryler cho các chuyến du lịch ngắn ngày hay công việc đi làm hàng ngày. Quai đeo và mặt lưng rộng có đệm thoáng mát tạo cảm giác thoải mái trong suốt quá trình di chuyển.\r\n\r\nMã sản phẩm:	H04*AA059\r\nDung tích:	35 L\r\nKhối lượng:	0.7 kg\r\nKích thước:	34.3 x 14.7 x 50.8 cm\r\nLoại bảo hành:	Bằng Phiếu bảo hành và Hóa đơn\r\nThời gian bảo hành:	1 năm\r\nBộ sản phẩm đầy đủ:	1 sản phẩm và 1 phiếu bảo hành', NULL, 5),
(64, 'AMERICAN TOURISTER Balo Tango+', 550000, 'https://houseofluggage.vn/Data/Sites/1/Product/3049/balo-tango-plus-fb309004-01.jpg', 'Balo được làm từ chất liệu 100% polyester\r\nCó ngăn chứa đồ rộng rãi\r\n2 ngăn bên hông để dù (ô) hoặc chai nước\r\nĐệm lưng êm ái, thoáng mát\r\nĐai đeo có thể điều chỉnh\r\n\r\nBộ sưu tập balo Tango+ đến từ thương hiệu American Tourister sở hữu thiết kế trẻ trung và nhiều chức năng để sử dụng hàng ngày. Chiếc balo tiện lợi này cung cấp thể tích chứa rộng rãi để bạn có thể mang theo mọi thứ cần thiết. Đệm lưng và dây đeo vai êm ái tạo cảm giác thoải mái khi sử dụng trong thời gian dài. Ngăn chứa phía trước tiện lợi có khóa kéo giúp lưu trữ các phụ kiện và các vật dụng nhỏ.\r\n\r\nMã sản phẩm:	FB3*09004\r\nDung tích:	28 L\r\nKhối lượng:	0.5 kg\r\nKích thước:	32 x 17 x 46 cm\r\nLoại bảo hành:	Bằng Phiếu bảo hành và Hóa đơn\r\nThời gian bảo hành:	1 năm\r\nBộ sản phẩm đầy đủ:	1 sản phẩm và 1 phiếu bảo hành', NULL, 5),
(65, 'AMERICAN TOURISTER Balo Magna', 950000, 'https://houseofluggage.vn/Data/Sites/1/Product/3150/102701-1768_01.jpg', 'Dây đeo vai trợ lực, công nghệ Tractum Suspension\r\nBao gồm áo trùm bảo vệ balo chống nước, chống bụi\r\nĐệm lưng thoải mái, thoáng mát\r\nNgăn chứa bình nước ở bên hông\r\nNgăn đựng giày riêng biệt\r\nNgăn trước truy cập nhanh\r\nNgăn chứa laptop 17\"\r\nDây đai ngực và eo giúp thoải mái khi di chuyển\r\n\r\nBalo Magna từ thương hiệu hàng đầu nước Mỹ American Tourister, đem đến làn gió mới cho khách hàng với thiết kế hiện đại và mới lạ. Balo thiên về tính đa dụng: có ngăn chứa laptop 17”, bao trùm chống nước, ngăn đựng giày riêng biệt và độc đáo nhất chính là dây đeo vai trợ lực công nghệ “Tractum Suspension”.\r\n\r\nVới thiết kế nội thất siêu rộng, Magna hoàn toàn phù hợp cho các chuyến du lịch, mang được nhiều hành lý, nhưng lại vô cùng gọn gàng và nhẹ nhàng.\r\n\r\nMã sản phẩm:	82O*43002\r\nDung tích:	38 L\r\nKhối lượng:	1.025 kg\r\nKích thước:	32 x 22 x 53 cm\r\nLoại bảo hành:	Bằng Phiếu bảo hành và Hóa đơn\r\nThời gian bảo hành:	1 năm\r\nBộ sản phẩm đầy đủ:	1 sản phẩm và 1 phiếu bảo hành', NULL, 5),
(66, 'VICTORINOX\r\nCặp laptop Werks Pro Engineer', 8750000, 'https://houseofluggage.vn/Data/Sites/1/Product/3128/cap-laptop-werks-pro-engineer-601713-01.jpg', 'Cặp laptop thương hiệu Thụy Sỹ\r\nCó thể sử dụng như là cặp hoặc balo\r\nPhù hợp với laptop 15\"\r\nNgăn đệm cho tablet/máy đọc sách\r\n\r\nVới khả năng kết hợp công việc và giải trí, cặp/balo laptop Werks Professional Engineer có thể mang theo các thiết bị điện tử thiết yếu của bạn một cách an toàn tới bất cứ đâu. Được thiết kế gọn gàng với các ngăn chứa chuyên dụng, Werks Professional Engineer có tất cả mọi thứ bạn cần: trọng lượng nhẹ, bền chắc và an toàn. Bên cạnh đó, chiếc cặp còn tích hợp quai đeo vai để sử dụng như là một chiếc balo, phù hợp với phong cách chuyên nghiệp của bạn.\r\n\r\nMã sản phẩm:	601713\r\nDung tích:	19 L\r\nKhối lượng:	1.5 kg\r\nKích thước:	30.5 x 16 x 44 cm\r\nLoại bảo hành:	Bằng Phiếu bảo hành và Hóa đơn\r\nThời gian bảo hành:	10 năm\r\nBộ sản phẩm đầy đủ:	1 sản phẩm và 1 phiếu bảo hành', NULL, 5),
(67, 'KAMILIANT Vali kéo Motivo CLX', 8990000, 'https://houseofluggage.vn/Data/Sites/1/Product/3452/vali-keo-motivo-clx-fb908201-01.jpg', 'Vali kéo có hệ thống bánh xe 360 độ vận hành dễ dàng\r\nCó khả năng mở rộng để tăng không gian lưu trữ\r\nĐai khóa chữ X đàn hồi giúp sắp xếp hành lý gọn gàng\r\nKhóa số TSA tiêu chuẩn Hoa Kỳ\r\nTay cầm ở cả bên trên và bên hông\r\nCần đẩy chắc chắn, dễ kiểm soát', NULL, 9),
(68, 'Vali kéo Montmartre Air', 2650000, 'https://houseofluggage.vn/Data/Sites/1/Product/727/00225280100-1.jpg', 'Vali kéo có lớp lót có thể tháo rời và có thể giặt được\r\nCó khả năng mở rộng thể tích chứa\r\nDây kéo đôi chống trộm\r\nNội thất nhiều ngăn và túi\r\nTích hợp khóa TSA\r\nNgăn chứa bảo vệ laptop\r\nBảo hành quốc tế 5 năm\r\n\r\nBạn rất khó chịu khi lớp lót Vali bị dơ và không thể lấy ra giặt được. Đừng lo vì DELSEY đã cho ra bộ Vali kéo vải cao cấp MONTMARTRE AIR có khả năng tháo rời lớp lót. Cùng với nội thất được thiết kế thông minh, bạn có riêng một không gian đựng chiếc Laptop của mình. Sản phẩm được tích hợp khóa an ninh theo tiêu chuẩn hàng không TSA .Thật là một chiếc Vali tiện lợi đúng không nào.', NULL, 9),
(69, 'Vali kéo Skyye', 4650000, 'https://houseofluggage.vn/Data/Sites/1/Product/2787/tc09030-w-front.jpg', 'Vali kéo có thiết kế mạnh mẽ, sang trọng\r\nKhóa số tích hợp TSA\r\nBánh xe đôi vận hành êm ái\r\nNội thất rộng rãi, nhiều ngăn tiện dụng có khóa kéo\r\nDây kéo đôi chống trộm', NULL, 9),
(70, 'Vali kéo Kapa', 1990000, 'https://houseofluggage.vn/Data/Sites/1/Product/945/ay909006_3.jpg', 'Vali kéo có chất  liệu làm bằng ABS (Acrylonitrile Butadiene Styrene) có độ đàn hồi cao.\r\nTay cầm làm bằng nhôm chất lượng cao\r\nBánh xe xoay 360 độ\r\nHệ thống mã khóa TSA Hoa Kì\r\nNhẹ, dễ di chuyển.\r\n\r\nNhắc đến thương hiệu Vali kéo KAMILIANT chúng ta sẽ nghĩ ngay đến những chiếc Vali kéo cá tính đầy màu sắc cùng những họa tiết nổi bật . Bộ sưu tập vai kéo KAPA từ KAMILIANT được lấy cảm hứng từ các cồn cát ở sa mạc nên bề mặt được thiết kế với các rãnh uốn lượn độc đáo.\r\n\r\nMã sản phẩm:	AY9*09006\r\nKhối lượng:	3.4 kg\r\nKích thước:	46 X 30 x 67 cm\r\nLoại bảo hành:	Bằng Phiếu bảo hành và Hóa đơn\r\nThời gian bảo hành:	1 năm\r\nBộ sản phẩm đầy đủ:	1 sản phẩm và 1 phiếu bảo hành', NULL, 9),
(71, 'Dây đai Wenger', 300000, 'https://houseofluggage.vn/Data/Sites/1/Product/2741/wtr_604597_s_p.jpg', 'Thương hiệu Thụy Sĩ\r\nCó thể điều chỉnh độ dài\r\nKhóa dễ dàng tháo lắp\r\nPhụ kiện du lịch\r\n\r\nDây đai hành lý là một phụ kiện thiết yếu cho những chuyến hành trình. Nếu bạn đang tìm kiếm một dây đai hành lý mạnh mẽ và chắc chắn thì dây đai đến từ thương hiệu Wenger là sự lựa chọn hoàn hảo dành cho bạn. Đây là một sản phẩm đáng tin cậy, bền chắc và sẽ không làm bạn thất vọng.\r\n\r\nMã sản phẩm:	604597\r\nKhối lượng:	0.13 kg\r\nKích thước:	182 x 5 cm', NULL, 9),
(72, 'Vali kéo Motivo CLX', 899000, 'https://houseofluggage.vn/Data/Sites/1/Product/3452/vali-keo-motivo-clx-fb908201-01.jpg', 'Vali kéo có hệ thống bánh xe 360 độ vận hành dễ dàng\r\nCó khả năng mở rộng để tăng không gian lưu trữ\r\nĐai khóa chữ X đàn hồi giúp sắp xếp hành lý gọn gàng\r\nKhóa số TSA tiêu chuẩn Hoa Kỳ\r\nTay cầm ở cả bên trên và bên hông\r\nCần đẩy chắc chắn, dễ kiểm soát\r\n\r\nBộ sưu tập vali kéo vải Motivo CLX đến từ thương hiệu Kamiliant không chỉ có một thiết kế đẹp mắt, mà còn có các tính năng hữu dụng giúp chuyến hành trình của bạn hoàn hảo hơn. Chiếc vali kéo có cấu trúc chắc chắn với khoang chính có thể mở rộng, cho phép tăng thêm khả năng lưu trữ. Khóa số TSA an toàn bảo vệ hành lý của bạn và khi bạn đi du lịch đến Hoa Kỳ, hải quan ở đó có thể mở vali kéo để kiểm tra bắt buộc mà không phải phá hủy khóa. Nội thất được tổ chức phong phú và tinh tế, được chia thành nhiều ngăn và túi, có dây đai để giữ hành lý gọn gàng. Hệ thống bánh xe xoay 360 độ chất lượng vận hành dễ dàng và êm ái.\r\n\r\nMã sản phẩm:	FB9*08201\r\nDung tích:	38/42 L\r\nKhối lượng:	2.9 kg\r\nKích thước:	36 x 24/26 x 55 cm\r\nLoại bảo hành:	Bằng Phiếu bảo hành và Hóa đơn\r\nThời gian bảo hành:	1 năm\r\nBộ sản phẩm đầy đủ:	1 sản phẩm và 1 phiếu bảo hành', NULL, 9),
(73, 'Ví Altius Edge Turing', 5200000, 'https://houseofluggage.vn/Data/Sites/1/Product/3278/vi-altius-edge-turing-605437-01.jpg', 'Ví da cầm tay thương hiệu Thụy Sĩ\r\nTám ngăn chứa thẻ tín dụng\r\nBa ngăn chứa tiền giấy\r\nNgăn chứa tiền xu lớn có khóa kéo\r\n\r\nThiết kế cổ điển kết hợp cùng công nghệ mới trong chiếc ví Altius Edge Turing đến từ thương hiệu Victorinox (Thụy Sĩ). Chiếc ví tinh tế này không chỉ lưu trữ thẻ tín dụng mà còn giữ an toàn cho dữ liệu tài chính của bạn với lớp bảo mật RFID tích hợp. Bạn sẽ yên tâm hơn với các chuyến hành trình tiếp theo, vì biết rằng các dữ liệu của bạn được an toàn.', NULL, 10),
(74, 'Ví Altius Edge Appolonis', 2600000, 'https://houseofluggage.vn/Data/Sites/1/Product/3272/vi-altius-edge-appolonios-601997-01.jpg', 'Ví da thương hiệu Thụy Sĩ\r\nChất liệu da thuộc thảo mộc cao cấp\r\nTích hợp công nghệ bảo mật RFID giữ an toàn thông tin thẻ tín dụng\r\nNgăn chứa thẻ nhớ SD\r\nNgăn chứa tiền giấy và danh thiếp\r\n\r\nCông nghệ bảo mật được tích hợp vào DNA thiết kế của chiếc ví Altius Edge Appolonis mới đến từ thương hiệu Victorinox (Thụy Sĩ). Chiếc ví da sành điệu này là khoản đầu tư thông minh nhất của du khách toàn cầu trong mùa này. Một lớp lót tích hợp công nghệ bảo mật RFID được bao phủ bởi da thuộc thảo mộc (dòng da được thuộc theo phương pháp tự nhiên có thể nói gần như cổ xưa nhất) chất lượng cao và đảm bảo thông tin thẻ tín dụng của bạn được giữ bí mật bất kể vị trí địa lý.\r\n', NULL, 10),
(75, 'Ví Altius Edge Euler', 2900000, 'https://houseofluggage.vn/Data/Sites/1/Product/3274/vi-altius-edge-euler-601999-01.jpg', 'Ví da thương hiệu Thụy Sĩ\r\nTích hợp công nghệ bảo mật thông tin thẻ tín dụng RFID\r\nKhe chứa thẻ nhớ SD\r\nNgăn chứa tiền giấy và danh thiếp\r\n\r\nHãng Victorinox (nổi tiếng thế giới với các dao gấp quân đội Thụy Sĩ) đã cho ra mắt chiếc ví da Altius Edge Euler phong cách nhưng cũng không kém phần trang trọng. Đó là một chiếc ví nhỏ gọn giúp giữ tiền mặt và thẻ tín dụng của bạn được an toàn mọi lúc, mọi nơi. Với công nghệ bảo mật RFID được tích hợp, thông tin thẻ tín dụng sẽ được bảo vệ an toàn trước các hành vi xâm nhập. Đây chính là người bạn đồng hành thông minh dành cho bạn.', NULL, 10),
(76, 'Ví Altius Edge Peano', 2000000, 'https://houseofluggage.vn/Data/Sites/1/Product/3271/vi-altius-edge-peano-602001-01.jpg', 'Ví đựng thẻ thương hiệu Thụy Sĩ\r\nTích hợp tính năng RFID bảo mật thông tin thẻ tín dụng\r\n6 ngăn chứa thẻ tín dụng\r\nNgăn chứa danh thiếp ở mặt sau ví', NULL, 10),
(77, 'Mũ lưới màu nâu nhạt M451', 120000, 'https://blackshopvn.com/wp-content/uploads/2018/11/m451-600x600.jpg', 'Chất vải gió, bắn laser dạng lưới.\r\nThoáng mát hơn', NULL, 8),
(78, 'Mũ Snapback màu kem M3069', 170000, 'https://blackshopvn.com/wp-content/uploads/2018/11/m3069-600x600.jpg', '✔ Mẫu y như ảnh\r\n✔ Mũ đứng Form chất vải xịn\r\n✔ Mũ có chốt điều chỉnh size từ 54-60cm phù hợp với nhiều size đầu từ nhỏ tới to.\r\n✔ SHOP LIÊN TỤC CẬP NHẬT CÁC MẪU HOT NHẤT', NULL, 8),
(79, 'Mũ lưỡi trai bò màu xanh M108', 150000, 'https://blackshopvn.com/wp-content/uploads/2018/09/m108-600x600.jpg', '✔ Mẫu y như ảnh\r\n✔ Mũ đứng Form chất vải xịn\r\n✔ Mũ có chốt điều chỉnh size từ 54-60cm phù hợp với nhiều size đầu từ nhỏ tới to.\r\n✔ SHOP LIÊN TỤC CẬP NHẬT CÁC MẪU HOT NHẤT', NULL, 8),
(80, 'Mũ lưỡi trai cotton mịn màu kem M211', 99000, 'https://blackshopvn.com/wp-content/uploads/2018/11/M_211-600x600.jpg', 'Mẫu y như ảnh\r\n✔ Mũ đứng Form chất vải xịn\r\n✔ Mũ có chốt điều chỉnh size từ 54-60cm phù hợp với nhiều size đầu từ nhỏ tới to.\r\n✔ SHOP LIÊN TỤC CẬP NHẬT CÁC MẪU HOT NHẤT', NULL, 8),
(81, 'Mũ lưỡi trai đen DsQuared M_3060', 290000, 'https://blackshopvn.com/wp-content/uploads/2018/09/m30600-600x600.jpg', '✔ Mẫu y như ảnh\r\n✔ Mũ đứng Form chất vải xịn\r\n✔ Mũ có chốt điều chỉnh size từ 54-60cm phù hợp với nhiều size đầu từ nhỏ tới to.\r\n✔ SHOP LIÊN TỤC CẬP NHẬT CÁC MẪU HOT NHẤT', NULL, 8),
(82, 'Laptop Apple Macbook Air 2017 i5 1.8GHz/8GB/128GB (MQD32SA/A)', 22490000, 'https://cdn.tgdd.vn/Products/Images/44/106875/apple-macbook-air-mqd32sa-a-i5-5350u-400-1-450x300-600x600.jpg', 'Đặc điểm nổi bật của Apple Macbook Air 2017 i5 1.8GHz/8GB/128GB (MQD32SA/A)\r\n\r\nBộ sản phẩm chuẩn: Dây nguồn,Adapter sạc,Thùng máy,Sách hướng dẫn\r\n\r\nMacbook Air MQD32SA/A i5 5350U với thiết kế vỏ nhôm nguyên khối Unibody rất đẹp, chắc chắn và sang trọng. Macbook Air là một chiếc máy tính xách tay siêu mỏng nhẹ, hiệu năng ổn định mượt mà, thời lượng pin cực lâu, phục vụ tốt cho nhu cầu làm việc lẫn giải trí.\r\nThiết kế siêu mỏng và nhẹ\r\nVới thiết kế đặc trưng của dòng MacBook Air, phiên bản này chỉ mỏng 1.7 cm và trọng lượng là 1.35 kg, rất tiện lợi và dễ dàng để bạn luôn mang theo bên mình. Đây cũng là chiếc MacBook chính hãng có giá rẻ nhất hiện tại.\r\n\r\nThiết kế siêu mỏng và nhẹ\r\n\r\nNgoài ra thiết kế logo quả táo phát sáng tạo nên đặc trưng riêng khác biệt của Apple cũng được giữ nguyên trên tác phẩm này.\r\n\r\nLogo quả táo phát sáng\r\n\r\nHiệu năng mượt mà\r\nMacbook Air MQD32SA/A i5 5350U có bộ xử lý Intel Core i5 Broadwell tốc độ 1.80 GHz, card đồ họa tích hợp Intel HD Graphics 6000, bộ nhớ RAM 8 GB, cùng ổ cứng lưu trữ SSD 128 GB giúp máy chạy mượt mà các thao tác sử dụng.\r\n\r\nHiệu năng mượt mà\r\n\r\nCổng Thunderbolt hiện đại\r\nMacbook Air MQD32SA/A i5 5350U còn được trang bị cổng Thunderbolt thế hệ 2 cho tốc độ truyền tải dữ liệu cao hơn gấp đôi so với Thunderbolt 1, đồng thời còn có thể xuất hình ảnh độ phân giải cao ra màn hình 4K.\r\n\r\nCổng Thunderbolt hiện đại\r\n\r\nMàn hình\r\nMacbook Air MQD32SA/A có màn hình rộng 13.3 inch, độ phân giải là WXGA+(1440 x 900) sử dụng công nghệ màn hình LED Backlit, hình ảnh hiển thị khá chất lượng, tươi sáng.\r\n\r\nMàn hình\r\n\r\nThời lượng pin lên đến 12 giờ sử dụng\r\nVấn đề pin luôn là một trăn trở khi dùng các máy laptop mỏng, nhưng với Macbook Air MQD32SA/A i5 thời gian khoảng 12 tiếng sử dụng sau một lần sạc đầy là một ưu điểm rất xứng đáng để người dùng lựa chọn.\r\n', 1, 2),
(83, 'Laptop Acer Swift 5 SF5 i5 8265U/8GB/256GB/Win10 (NX.H7KSV.001)', 23990000, 'https://cdn.tgdd.vn/Products/Images/44/201236/acer-swift-sf5-i5-8265u-8gb-256gb-win10-lk-thumbcopy-600x600.jpg', 'Đặc điểm nổi bật của Acer Swift 5 SF5 i5 8265U/8GB/256GB/Win10 (NX.H7KSV.001)\r\n\r\nBộ sản phẩm chuẩn: Sách hướng dẫn, Adapter sạc\r\n\r\nAcer Swift Air Edition Core i5 8265U 8/256GB được mệnh danh là chiếc laptop 15.6 inch nhẹ nhất tại thời điểm hiện tại với cấu hình và thiết kế phù hợp với nhân viên văn phòng và doanh nhân.\r\nThiết kế mỏng nhẹ hơn bao giờ hết\r\nDù sở hữu kích cỡ 15.6 inch, nhưng nhờ chất liệu hợp kim chứa Liti, kim loại nhẹ nhất, laptop Acer Swift Air Edition Core i5 8265U trở nên mỏng nhẹ khó tin, 14.9mm và 940g.\r\n\r\nLaptop Acer Swift 5 Air Edition i5 thiết kế sang trọng\r\n\r\nMàn hình cảm ứng Full HD sắc nét\r\nTỉ lệ màn hình 87.6%, góc nhìn rộng 178 độ, màn hình cảm ứng FHD siêu nét và công nghệ Acer Color Intelligence sẽ mang trải nghiệm hình ảnh tuyệt vời đến cho bạn.\r\n\r\nLaptop Acer Swift 5 Air Edition màn hình full HC\r\n\r\nLàm việc cả ngày, không lo hết pin\r\nVới thời lượng pin lên đến 7 giờ sau khi được sạc đầy, bạn sẽ có thể hoàn thành gần một ngày làm việc.\r\n\r\nLaptop Acer Swift 5 Air Edition pin sử dụng liên tục 7 giờ\r\n\r\nCấu hình khá mạnh mẽ, đáp ứng nhu cầu văn phòng cơ bản\r\nVới chip core i5 thế hệ thứ 8, RAM 8GB và ổ cứng SSD siêu nhanh 256GB, Acer Swift Air Edition Core i5 8265U tự tin mang đến sự mượt mà và nhanh chóng khi soạn thảo văn bản, trình chiếu hoặc lướt nhiều web cùng lúc.\r\n\r\nLaptop Acer Swift 5 Air Edition i5 cấu hình  văn phòng\r\n\r\nBảo mật Finger Print và Windows Hello\r\nMở khóa Acer Swift Air Edition Core i5 8265U an toàn và nhanh chóng với cảm biến vân tay tích hợp và tính năng nhận diện khuôn mặt Windows Hello.\r\n\r\nLaptop Acer Swift 5 Air Edition có bảo mật vân tay\r\n\r\nWindows 10 bản quyền\r\nLaptop Acer Swift Air Edition Core i5 8265U được siêu nhẹ bán kèm với Windows 10 Home bản quyền trị giá 4,699,000.00 VNĐ.\r\n\r\nLaptop Acer Swift 5 Air Edition win 10\r\n\r\n', NULL, 2),
(84, 'Laptop Asus Vivobook S530FN i7 8565U/8GB/512GB/ MX150/Win10/(BQ593T)', 23590000, 'https://cdn.tgdd.vn/Products/Images/44/203672/asus-vivobook-s530fn-i7-8565u-8gb-512gb-mx150-win12-600x600.jpg', 'Đặc điểm nổi bật của Asus Vivobook S530FN i7 8565U/8GB/512GB/ MX150/Win10/(BQ593T)\r\n\r\nThỏa mái làm việc, giải trí đỉnh cao với Asus S530FN BQ593T, laptop mỏng nhẹ xử lý dữ liệu siêu nhanh.\r\nThiết kế sang trọng, mỏng nhẹ\r\nNhân viên văn phòng và doanh nhân hầu hết đều không thể không chú ý đến sự sang trọng trong thiết kế cũng như sự mỏng nhẹ thuận lợi cho việc di chuyển. Với vỏ nhôm nguyên khối được gia công tỉ mỉ và phần cứng được tối ưu hóa trọng lượng, Asus S530FN BQ593T thỏa mãn các yêu cầu trên một các hoàn hảo.\r\n\r\nAsus S530FN BQ593T có thiết kế sang trọng mỏng nhẹ\r\n\r\nCông nghệ màn hình cao cấp, bảo vệ mắt\r\nLà một chiếc laptop 15.6 inch, nhưng laptop Asus S530FN BQ593T lại có được vẻ nhỏ gọn đáng kinh ngạc nhờ viền màn hình siêu mỏng.\r\n\r\nThêm vào đó, màn hình IPS chống chói giúp bảo vệ mắt bằng cách cho hiển thị hình ảnh sắc nét và sống động dưới bất cứ điều kiện ánh sáng nào, bao gồm những nơi nhiều ánh sáng mặt trời như quán cà phê.\r\n\r\nAsus S530FN BQ593T có công nghệ màn hình cao cấp, bảo vệ mắt\r\n\r\nÂm thanh sống động\r\nBên cạnh màn hình Full HD viền siêu mỏng cho trải nghiệm hình ảnh choáng ngợp, các hoạt động chơi game và xem phim trên Asus S530FN BQ593T còn được tăng cường tính giải trí nhờ công nghệ âm thanh SonicMaster Audio. Với SonicMaster Audio, bạn như sống trong một thế giới ảo.\r\n\r\nAsus S530FN BQ593T có âm thanh sống động\r\n\r\nCấu hình cực kỳ mạnh mẽ\r\nLaptop Asus S530FN BQ593T sở hữu siêu tốc độ xử lý, khởi động Windows 10 và ứng dụng cực kỳ nhanh nhờ chip core i7 thế hệ 8 và ổ cứng SSD 512 GB siêu nhanh. Việc chơi game, đa nhiệm và thiết kế 3D đơn giản cũng được cải thiện đáng kể nhờ vào card đồ họa rời 2 GB và RAM tối đa đến 16 GB.\r\n\r\nAsus S530FN BQ593T có cấu hình cực kỳ mạnh mẽ\r\n\r\nBàn phím thoải mái và chính xác\r\nBản lề ErgoLift nâng máy không chỉ hỗ trợ tản nhiệt hiệu quả mà còn giúp gõ phím thoải mái. Bên cạnh đó, đèn nền bàn phím lại giúp bạn có thể gõ chính xác vào ban đêm khi đã tắt hết đèn điện.\r\n\r\nAsus S530FN BQ593T có bàn phím thoải mái và chính xác\r\n\r\nMở khóa vân tay siêu nhanh\r\nCảm biến vân tay tiện lợi giúp bạn mở khóa laptop Asus S530FN BQ593T cực kỳ nhanh mà không cần một bước nhập mật khẩu nào, tránh việc bị nhìn lén mật khẩu.\r\n\r\nAsus S530FN BQ593T có mở khóa vân tay siêu nhanh\r\n', NULL, 2),
(85, 'Laptop Dell Inspiron 3576 i5 8250U/4GB/1TB/Win10/(P63F002N76F)', 14390000, 'https://cdn.tgdd.vn/Products/Images/44/166521/dell-inspiron-3576-p63f002n76f-450-600x600.png', 'Đặc điểm nổi bật của Dell Inspiron 3576 i5 8250U/4GB/1TB/Win10/(P63F002N76F)\r\n\r\nBộ sản phẩm chuẩn: Pin,Dây nguồn,Adapter sạc,Thùng máy,Sách hướng dẫn\r\n\r\nThiết kế thanh lịch, trọng lượng khá nhẹ phù hợp cho việc di chuyển hằng ngày đến lớp học, công sở - Laptop Dell Inspiron 3576 i5 8250U được trang bị cấu hình đủ mạnh để chạy tốt các ứng dụng văn phòng, cho phản hồi các thao tác kéo thả trong photoshop, AI khá nhanh rất phù hợp cho sinh viên, nhân viên văn phòng.\r\nThiết kế đơn giản, thuận tiện di chuyển\r\nVỏ được làm bằng nhựa nhám bao bọc giúp cho máy hạn chế được bụi bẩn, trầy xước cũng như chịu va chạm tốt trong quá trình sử dụng. Chiếc máy tính xách tay Dell có trọng lượng vừa phải chỉ 2.3 kg, vì vậy chúng ta có thể mang theo bên mình khi làm việc ngoài các không gian khác.\r\n\r\nThiết kế truyền thống trên máy tính xách tay Dell Inspiron 3576\r\n\r\nXử lý tốt đồ hoạ cơ bản\r\nLaptop Dell Inspiron 3576 core i5 thế hệ 8, xung nhịp 1.6 Ghz kết hợp cùng 4GB RAM đáp ứng đầy đủ nhu cầu xử lý đồ hoạ cơ bản như photoshop, Ai. Chiến các game như liên minh huyền thoại, fifa online 3 khá mượt mà.\r\n\r\nCấu hình mạnh mẽ trên máy tính xách tay Dell Inspiron 3576 i5 8250U\r\n\r\nMàn hình rộng trải nghiệm giải trí hoàn hảo\r\nSở hữu màn hình rộng 15.6 inch cùng với đó là độ phân giải HD, với chất lượng ảnh tươi sáng, không gian làm việc rộng rãi, dễ nhìn.\r\n\r\nBàn phím to, rõ độ nảy tốt thuận tiện đánh máy\r\nBàn phím fullsize trên máy tính xách tay Dell Inspiron 3576 phù hợp cho kế toán, người thường sử dụng bàn phím số để nhập liệu. Độ nảy phím tốt sẽ giúp gõ phím chính xác, hạn chế sai lỗi chính tả không cần thiết.\r\n\r\nBàn phím của máy tính xách tay Dell Inspiron 3576 i5 8250U\r\n\r\nỔ đĩa quang thuận tiện học tập, USB 3.0 truyền dữ liệu nhanh chóng\r\nMáy có ổ đĩa quang giúp bạn xem phim hay học tiếng Anh với đĩa DVD dễ dàng hơn. Một điểm cộng tiếp theo máy vẫn trang bị cổng mạng LAN giúp bạn kết nối tiện lợi với internet khi Wi-Fi yếu. Kèm theo cổng USB 2.0 là 2 x USB 3.0 giúp truyền tải dữ liệu nhanh hơn. Thêm nữa, cổng HDMI cho phép kết nối với tivi hoặc máy chiếu tiện lợi.\r\n\r\nCổng kết nối của máy tính xách tay Dell Inspiron 3576 i5 8250U\r\n\r\n', NULL, 2),
(86, 'Laptop HP Pavilion 14 ce1018TU i5 8265U/4GB+16GB/1TB/Win10/(5RL41PA)', 16390000, 'https://cdn.tgdd.vn/Products/Images/44/196907/hp-pavilion-14-ce1018tu-i5-8265u-4gb-16gb-1tb-14f-1-1-1-1-600x600.jpg', 'Đặc điểm nổi bật của HP Pavilion 14 ce1018TU i5 8265U/4GB+16GB/1TB/Win10/(5RL41PA)\r\n\r\nBộ sản phẩm chuẩn: Dây nguồn,Adapter sạc,Thùng máy,Sách hướng dẫn\r\n\r\nLaptop HP Pavilion 14 (5RL41PA) vừa được HP đưa ra thị trường với thiết kế tinh tế, cùng với trọng lượng khá nhẹ thuận tiện hơn cho việc di chuyển hằng ngày. Cấu hình đủ mạnh để chạy mượt mà các ứng dụng văn phòng, xử lý tốt các thao tác kéo thả trong ứng dụng đồ họa cơ bản. Đây sẽ là sự lựa chọn đáng cân nhắc cho các bạn nhà học sinh, sinh viên và nhân viên văn phòng.\r\nThiết kế trang nhã, khá nhẹ giúp thuận tiện cho việc di chuyển\r\nLaptop HP Pavilion 14 (5RL41PA) được gia công tỉ mỉ, hoàn thiện từ chất liệu nhựa với 4 góc cạnh được bo tròn mang đến vẻ đẹp thanh lịch, trang nhã. Bên cạnh đó, với trọng lượng chỉ 1.59 Kg giúp cho bạn không cảm thấy mệt mỏi khi di chuyển cùng chiếc laptop văn phòng HP.\r\n\r\nThiết kế hiện đại trên laptop văn phòng HP Pavilion 14 ce1018TU (5RL41PA)Hình ảnh sống động, chân thật đến từng chi tiết\r\nChiếc laptop HP được trang bị màn hình có kích thước 14 inch với  độ phân giải Full HD cho trải nghiệm hình ảnh chân thật, sắc nét đến từng chi tiết kết hợp với tấm nền IPS giúp mở rộng góc nhìn. Công nghệ Led Backlit giúp cho màn hình không tiêu tốn quá nhiều điện năng khi sử dụng. Giờ đây, việc thưởng thức những thước phim hay cùng bạn bè, đồng nghiệp sau những giờ học tập và làm việc sẽ dễ dàng hơn bao giờ hết.\r\n\r\nMàn hình tươi sáng, sắc nét trên laptop văn phòng HP Pavilion 14 ce1018TU (5RL41PA)Cấu hình khá khỏe, xử lý tốt các thao tác đồ họa cơ bản\r\nĐược trang bị chip xử lý mạnh mẽ đến từ core i5-8265U kết hợp cùng 4GB Ram DDR4 giúp chạy mượt mà các ứng dụng văn phòng cũng như xử lý tốt các thao tác đồ họa cơ bản trong photoshop, ai, corel....\r\n\r\nNhà sản xuất HP khá ưu ái cho đứa con của mình khi tích hợp đầy đủ khả năng nâng cấp SSD qua cổng kết nối M.2, việc mở rộng ổ cứng tốc độ cao SSD sẽ không còn là vấn đề với laptop HP Pavilion 14 (5RL41PA).\r\n\r\nCấu hình ổn định trên laptop văn phòng HP Pavilion 14 ce1018TU (5RL41PA)\r\nBộ nhớ Intel Optane 16GB\r\nVới bộ nhớ Laptop Intel Optane 16GB được tích hợp trên laptop HP Pavilion 14 (5RL41PA) giúp cho việc khởi động hệ điều hành cũng như những ứng dụng thường được sử dụng một cách nhanh chóng, tối ưu hiệu suất công việc.\r\n\r\nBộ nhớ đệm intel optane trên laptop văn phòng HP Pavilion 14 ce1018TU (5RL41PA)Trải nghiệm âm thanh tốt hơn cùng công nghệ Bang & Olufsen audio\r\nHP Pavilion 14 (5RL41PA) được trang bị loa kép (2 kênh) giúp tạo cảm giác âm thanh lớn hơn, chân thật cùng công nghệ Bang & Olufsen audio giúp tăng cường âm bass và mang đến trải nghiệm nghe nhạc tốt hơn, đặc biệt là những bài nhạc trầm, ấm.\r\n\r\nÂm thanh sống động trên laptop văn phòng HP Pavilion 14 ce1018TU (5RL41PA)\r\nHỗ trợ truyền dữ liệu nhanh chóng qua cổng USB 3.1 và USB Type-C\r\nNgoài việc trang bị khá đầy đủ các cổng kết nối cơ bản, sản phẩm còn được trang bị thêm 2 cổng USB 3.1 và 1 cổng USB Type-C giúp cho việc truyền dữ liệu trở nên nhanh chóng với tốc độ tối đa là 600Mb/s. \r\n\r\nĐầy đủ các cổng kết nối trên laptop văn phòng HP Pavilion 14 ce1018TU (5RL41PA)\r\n\r\n', NULL, 2),
(87, 'Laptop Asus X441MA N5000/4GB/1TB/Win10/(GA024T)', 7290000, 'https://cdn.tgdd.vn/Products/Images/44/191993/asus-x441ma-ga024t-450-600x600.jpg', 'Đặc điểm nổi bật của Asus X441MA N5000/4GB/1TB/Win10/(GA024T)\r\n\r\nBộ sản phẩm chuẩn: Sách hướng dẫn,Adapter sạc,Thùng máy\r\n\r\nAsus X441MA N5000 là chiếc máy tính xách tay nhỏ gọn được Asus ưu ái trang bị một hệ thống các cổng kết nối đồ sộ cùng một hiệu năng ổn định với CPU Intel Pentium thế hệ 7.\r\nThiết kế nhỏ gọn\r\nDù sở hữu lối thiết kế đơn giản nhưng Asus X441MA vẫn mang lại sự sang trọng nhất định đến cho người dùng nhờ việc kết hợp hài hòa giữa 2 màu sắc đen và trắng. Tuy được hoàn thiện từ chất liệu nhựa nhưng máy vẫn đảm bảo độ cứng cáp và đặc biệt trọng lượng máy chỉ là 1.7 kg sẽ khá phù hợp cho những người thường xuyên di chuyển.\r\n\r\nThiết kế đơn giản, thanh lịch trên máy tính văn phòng Asus X441MA\r\n\r\nMàn hình chống chói chất lượng\r\nAsus X441MA được trang bị màn hình kích thước 14 inch với độ phân giải HD và đi kèm theo đó là công nghệ ASUS Splendid Video giúp thay đổi độ sáng, màu sắc và độ tương phản sao cho phù hợp nhất với mục đích sử dụng của người dùng.\r\n\r\nMàn hình rộng tươi, sáng trên máy tính văn phòng Asus X441MA\r\n\r\nNgoài ra, màn hình của máy được tích hợp thêm công nghệ chống chói giúp dễ dàng quan sát nội dung khi sử dụng ngoài trời hay trong điều kiện ánh sáng mạnh.\r\n\r\nHiệu năng đủ dùng\r\nAsus X441MA sở hữu CPU Intel Pentium đủ dùng với một mẫu máy tính văn phòng thông thường, đáp ứng nhu cầu giải trí nhẹ nhàng với xung nhịp 1.1 GHz. Bên cạnh đó, con chip này còn có công nghệ Turbo Boost có thể ép xung lên đến 2.7 GHz giúp máy xử lý mượt mà và nhanh chóng hơn đối với các tác vụ nặng khi cần thiết.\r\n\r\nLaptop Asus X441MA có cấu hình ổn với máy tính văn phòng\r\n\r\nBàn phím nảy, độ chính xác cao\r\nAsus X441MA có hành trình phím sâu giúp cảm giác khi gõ phím được thoải mái. Hơn nữa, các ký tự phím nổi bật giúp người dùng dễ dàng quan sát và làm quen ngay trong lần đầu tiếp xúc với máy.\r\n\r\nBàn phím độ nảy tốt trên máy tính văn phòng Asus X441MA\r\n\r\nÂm thanh sống động\r\nMáy được trang bị 2 dải loa phía trên bàn phím giúp cho âm thanh thể hiện to và rõ ràng hơn. Không những thế với công nghệ âm thanh SonicMaster audio đem lại trải nghiệm tuyệt vời hơn với một chất âm trong trẻo và chi tiết.\r\n\r\nÂm thanh to, rõ trên máy tính văn phòng Asus X441MA\r\n\r\nCổng kết nối đa dạng\r\nAsus X441MA sở hữu gần hết các cổng kết nối hiện nay như: USB 2.0, USB 3.0, HDMI, LAN (RJ45), USB Type C. Đáng chú hơn, cổng VGA vẫn còn được Asus duy trì trên máy khi mà hầu hết các đối thủ trong cùng phân khúc đều không có được.\r\n\r\n', NULL, 2),
(88, 'ÁO PHÔNG NAM KẺ', 249000, 'https://canifa.s3.amazonaws.com/media/catalog/product/cache_generated/1500x/8ts18s004-pb118-m_-_copy.jpg', 'Áo phông Cotton USA kẻ ngang. \r\nDáng regular, cổ tròn, tay ngắn ,tay lơ vê, phối túi.\r\nPhù hợp với quần short và jeans\r\n\r\nCHẤT LIỆU\r\n\r\n100% cotton\r\nGiặt Máy Ở Chế Độ Nhẹ Nhàng , Nhiệt Độ Thường.\r\nKhông Sử Dụng Hóa Chất Tẩy Có Chứa Clo.\r\nPhơi Trong Bóng Mát.\r\nSấy Khô Ở Nhiệt Độ Thấp, Nhẹ Nhàng.\r\nLà Ở Nhiệt Độ Trung Bình 150 Độ C.\r\nGiặt Với Sản Phẩm Cùng Màu.\r\nKhông Là Lên Chi Tiết Trang Trí.', NULL, 3),
(89, 'QUẦN BAGGY KẺ SỌC', 49000, 'https://canifa.s3.amazonaws.com/media/catalog/product/cache_generated/1500x/6bp17s001-pg013-m_1.jpg', 'Quần baggy kẻ sọc', NULL, 3),
(90, 'QUẦN SHORTS NAM', 99000, 'https://canifa.s3.amazonaws.com/media/catalog/product/cache_generated/1500x/8bs18s005-se113-31-.jpg', 'Quần shorts nam dáng lửng thuộc dòng Casual\r\nThiết kế đơn giản, phom dáng slim-fit khoe vẻ rắn rỏi của phái mạnh\r\nChất liệu kaki thô mềm mại, bền màu, giữ dáng tốt, co giãn nhẹ tạo sự thoải mái cho người mặc\r\nCHẤT LIỆU\r\n98% Cotton, 2% Spandex\r\nHDSD\r\nGiặt máy ở chế độ nhẹ nhàng, nhiệt độ thông thường\r\nSấy khô ở nhiệt độ thấp 110°, là ở nhiệt độ trung bình 150°\r\nGiặt với sản phẩm cùng màu', NULL, 3),
(91, 'ÁO DÀI TAY NAM MÀI RÁCH', 349000, 'https://canifa.s3.amazonaws.com/media/catalog/product/cache_generated/700x/8tl17c002-sj208-m.jpg', 'Áo denim dài tay nam, cổ tròn, mài rách nhẹ.\r\nSản phẩm nằm trong BST Renovation.\r\nCHẤT LIỆU\r\n94% cotton, 6% spandex\r\nHDSD\r\nSấy khô ở nhiệt độ thấp 110°\r\nLà ở nhiệt độ trung bình 150°\r\nGiặt với sản phẩm cùng màu\r\nNên phơi vắt ngang', NULL, 3),
(92, 'ÁO KHOÁC GHILÊ CARO', 199000, 'https://canifa.s3.amazonaws.com/media/catalog/product/cache_generated/700x/2ot17c016-ck010-120.jpg', 'Áo khoác gile bé trai, kẻ caro, lớp lót nylon\r\nChất liệu mềm mại mang đến sự thoải mái cho các bé', NULL, 3),
(93, 'ÁO POLO NAM', 79000, 'https://canifa.s3.amazonaws.com/media/catalog/product/cache_generated/700x/8tp18s013-sk010-m.jpg', 'Áo polo nam\r\nTrẻ trung năng động\r\nThích hơp cho mùa hè này', NULL, 3),
(94, 'GIÀY TÂY - G2277', 1250000, 'https://cdn.shopify.com/s/files/1/1404/4249/products/giay-tay-nam-dong-hai-G2277-nau-3_400x.jpg?v=1559794363', 'Giày tây nam Đông Hải G2277 với thiết kế mặt sân trơn đơn giản nhưng lại mang vẻ lịch lãm của một quý ông hiện đại. Đường chỉ nổi được may cắt một cách tinh tế, đều đặn. Miếng đệm lót giày có độ đàn hồi tốt tạo cảm giác êm ái, thoái trong khi di chuyển. Phần đế cao chắc chắn có các rãnh chống trơn trượt giúp phái nam tự tin trong từng bước đi của chính mình. Giày tây nam G2277 mang trên mình kiểu dáng Penny Loafer kết hợp cùng hai gam mày nam tính dể dàng phối hợp cùng những trang phục suit thời thượng.\r\n\r\nMã sản phẩm: G2277\r\nMàu: Nâu, Đen\r\nSize: 38 - 43\r\nChất liệu: Da bò\r\nHIỂN THỊ THÔNG TIN', NULL, 4),
(95, 'GIÀY SNEAKER NỮ - G3503', 650000, 'https://cdn.shopify.com/s/files/1/1404/4249/products/giay-sneaker-nu-dong-hai-G3503-den-3_400x.JPG?v=1559280470', 'Giày sneaker nữ G3503 sở hữu chất liệu vải dệt với các lỗ thoáng khí trải đều khắp thân giày, phần cổ giày co giãn linh hoạt mang lại sự êm ái và thoáng mát cho người mang. Đế giày được đúc nguyên khối chắn chắn, hạn chế trơn trượt tuyệt đối. Bên trong giày được lót một lớp đệm dày đem lại sự thoải mái trong mỗi bước đi. Với thiết kế nổi trội của giày sneaker nữ G3503, cho dù bạn có hoạt động cả ngày, tham gia vô vàn những trò chơi ngoài trời thì đôi chân của bạn vẫn được cảm thấy dễ chịu.\r\n\r\nMã sản phẩm: G3503\r\nMàu: Đen\r\nSize: 35 - 40\r\nChất liệu: Vải dệt', NULL, 4),
(96, 'GIÀY SNEAKER NỮ - GLJ380313', 470000, 'https://cdn.shopify.com/s/files/1/1404/4249/products/giay-sneaker-nu-dong-hai-GLJ380313_-_Tr_ng_1_3_3256f660-ac9d-4136-bce7-6fdc568e40d2_400x.JPG?v=1559041248', 'Giày sneaker nữ GLJ380313 được làm từ chất liệu da tổng hợp mềm mại cùng các họa tiết đục lỗ cách điệu trên thân giày, do đó bạn sẽ luôn cảm thấy thông thoáng, thoải mái suốt nhiều giờ liên tục. Chi tiết vải thun hai bên giúp co dãn khi di chuyển, phù hợp với tất cả các kích cỡ chân. Phần đế cao su chống trơn trượt, được độn cao 5cm giúp bạn có thể ăn gian chiều cao và tự tin di chuyển. Với 3 gam màu hồng, đen, cafe, giày sneaker nữ GLJ380313 phù hợp nhiều loại trang phục để bạn có thể sử dụng dù là trang phục đi chơi hay trang phục đi làm...\r\n\r\nMã sản phẩm: GLJ380313\r\nMàu: Trắng, Đen, Cafe, Hồng\r\nSize: 36 - 41\r\nChất liệu: Da tổng hợp\r\nCao: 5cm\r\nHIỂN THỊ THÔNG ', NULL, 4),
(97, 'GIÀY SNEAKER NAM - GXL97379', 1400000, 'https://cdn.shopify.com/s/files/1/1404/4249/products/giay-sneaker-nam-dong-hai-GXL97379-den-3_400x.JPG?v=1558594302', 'Giày sneaker nam Zuciani GXL97379 sở hữu phom dáng ôm sát chân, đế giày được khoét lỗ chồng chéo lên nhau một cách độc đáo thi, là một điểm thu hút nổi bật của đôi giày. Ngoài ra, thiết kế dây giày là kiểu dây rút mới lạ, khác xa so với dây cột truyền thống, giúp bạn dễ dàng hơn trong việc điển chỉnh dây dày. Chất liệu da bò kết hợp cùng vải dệt thấm hút mồ hôi giúp đôi chân bạn luôn được thoáng mát. Với 2 màu sắc nam tính đen và xám tạo nên sự năng động cũng như bật lên vẻ nam tính, mạnh mẽ khi mang.\r\n\r\nMã sản phẩm: GXL97379\r\nMàu: Đen, Xám\r\nSize: 39 - 43\r\nChất liệu: Da bò, vải dệt', NULL, 4),
(98, 'GIÀY SNEAKER NAM - GXL97379', 1400000, 'https://cdn.shopify.com/s/files/1/1404/4249/products/giay-sneaker-nam-dong-hai-GXL97379-xam-3_1db310a6-495e-4dec-96ce-27539a2fc820_400x.JPG?v=1558595867', 'Giày sneaker nam Zuciani GXL97379 sở hữu phom dáng ôm sát chân, đế giày được khoét lỗ chồng chéo lên nhau một cách độc đáo thi, là một điểm thu hút nổi bật của đôi giày. Ngoài ra, thiết kế dây giày là kiểu dây rút mới lạ, khác xa so với dây cột truyền thống, giúp bạn dễ dàng hơn trong việc điển chỉnh dây dày. Chất liệu da bò kết hợp cùng vải dệt thấm hút mồ hôi giúp đôi chân bạn luôn được thoáng mát. Với 2 màu sắc nam tính đen và xám tạo nên sự năng động cũng như bật lên vẻ nam tính, mạnh mẽ khi mang.\r\n\r\nMã sản phẩm: GXL97379\r\nMàu: Xám, Đen\r\nSize: 39 - 43\r\nChất liệu: Da bò, vải dệt', NULL, 4);

--
-- Indexes for dumped tables
--

--
-- Indexes for table `account`
--
ALTER TABLE `account`
  ADD PRIMARY KEY (`user_id`),
  ADD UNIQUE KEY `user_name` (`user_name`);

--
-- Indexes for table `chitietdonhang`
--
ALTER TABLE `chitietdonhang`
  ADD PRIMARY KEY (`id`);

--
-- Indexes for table `danhmuc`
--
ALTER TABLE `danhmuc`
  ADD PRIMARY KEY (`idDM`);

--
-- Indexes for table `donhang`
--
ALTER TABLE `donhang`
  ADD PRIMARY KEY (`id`);

--
-- Indexes for table `loaisanpham`
--
ALTER TABLE `loaisanpham`
  ADD PRIMARY KEY (`idLoaiSP`);

--
-- Indexes for table `quangcao`
--
ALTER TABLE `quangcao`
  ADD PRIMARY KEY (`idQuangCao`);

--
-- Indexes for table `sanpham`
--
ALTER TABLE `sanpham`
  ADD PRIMARY KEY (`idSP`);

--
-- AUTO_INCREMENT for dumped tables
--

--
-- AUTO_INCREMENT for table `account`
--
ALTER TABLE `account`
  MODIFY `user_id` int(11) NOT NULL AUTO_INCREMENT, AUTO_INCREMENT=7;

--
-- AUTO_INCREMENT for table `chitietdonhang`
--
ALTER TABLE `chitietdonhang`
  MODIFY `id` int(11) NOT NULL AUTO_INCREMENT, AUTO_INCREMENT=42;

--
-- AUTO_INCREMENT for table `danhmuc`
--
ALTER TABLE `danhmuc`
  MODIFY `idDM` int(11) NOT NULL AUTO_INCREMENT, AUTO_INCREMENT=11;

--
-- AUTO_INCREMENT for table `donhang`
--
ALTER TABLE `donhang`
  MODIFY `id` int(11) NOT NULL AUTO_INCREMENT, AUTO_INCREMENT=12;

--
-- AUTO_INCREMENT for table `loaisanpham`
--
ALTER TABLE `loaisanpham`
  MODIFY `idLoaiSP` int(11) NOT NULL AUTO_INCREMENT, AUTO_INCREMENT=11;

--
-- AUTO_INCREMENT for table `quangcao`
--
ALTER TABLE `quangcao`
  MODIFY `idQuangCao` int(11) NOT NULL AUTO_INCREMENT, AUTO_INCREMENT=5;

--
-- AUTO_INCREMENT for table `sanpham`
--
ALTER TABLE `sanpham`
  MODIFY `idSP` int(11) NOT NULL AUTO_INCREMENT, AUTO_INCREMENT=99;
COMMIT;

/*!40101 SET CHARACTER_SET_CLIENT=@OLD_CHARACTER_SET_CLIENT */;
/*!40101 SET CHARACTER_SET_RESULTS=@OLD_CHARACTER_SET_RESULTS */;
/*!40101 SET COLLATION_CONNECTION=@OLD_COLLATION_CONNECTION */;
